genre_id,name,full_path,year_emerged,description,artists
10,Rock,10: Rock,null,,null
10.01,Early Rock 'N' Roll,10.01: Rock -> Early Rock 'N' Roll,null,"Rock ‘n’ Roll was musically speaking not a great step forward; its origins in Boogie Woogie and R&B were obvious. It was mainly a racial thing: young, attractive, white singers bringing black music into the living rooms of white people (especially girls), and turning heads by shaking their pelvis and/or standing on pianos. At the same time, Hillbilly Country musicians became influenced by early Country Blues and created uptempo Country with a strong beat, slapped upright bass, and stuttering vocals: Rockabilly. Both genres, as well as some Country music, originated on the famous Sun Records label in Memphis. Rock ‘n’ Roll often overlaps with Rockabilly’s simple, uptempo blues with three chords, a boogie back beat, and the holy instrument trinity of rock: drums, guitar and bass. As one can see, early Rock ‘n’ Roll was difficult to separate from early Rhythm ‘n’ Blues. However, the often overlooked effect of amphetamine (used heavily by many Rock ‘n’ Roll stars) changed the sound into the sociocultural revolution that it was: with their trembling voices, exuberant behavior, unbridled energy, and sexual innuendo, they introduced something new, something unheard of and “bad to the bone”. The later “mod” subculture of the fifties (sometimes mistaken for a music genre), were also very drawn into a similar world of bikes, speed, and rock ‘n’ roll. White teens went crazy around the world and soon Rock ‘n’ Roll became so popular that the term was used for anything rebellious, and often Rock music in general.
","[""Bill Haley"",""Buddy Holly"",""Carl Perkins"",""Charlie Feathers"",""Chuck Berry"",""Dittys"",""Doug Kershaw / Fats Domino"",""Eddie Cochran"",""Elvis Presley"",""Fats Domino"",""Frankie Ford"",""Jackie Brenston"",""Jerry Lee Lewis"",""Jimmy Soul"",""Lenny Capello & Dots"",""Little Richard"",""Mickey & Sylvia"",""Sammy Masters"",""The Everly Brothers"",""Wanda Jackson""]"
10.02,Golden Age/Classic Rock,10.02: Rock -> Golden Age/Classic Rock,null,,null
10.02.01,Beat/British Invasion,10.02.01: Rock -> Golden Age/Classic Rock -> Beat/British Invasion,1963,"Where the early London Rock scene was more concerned with Blues, the city of Liverpool took interest in cleverly produced music (jukebox music) such as Motown. Because Liverpool was a large harbor city frequented by ocean liners, the local music scene was more connected to American R&B than most British towns. After a while, local vocal groups (young eager Rock bands) started creating a new type of Rock with a strong backbeat rhythm and polyphonic vocals: a mix of Motown & R’n’R. As a result, their songs were sometimes soft and poppy with strings and obvious Soul influences, and at other times very uptempo and swinging.

Mersey Beat (called after the river Mersey in Liverpool) or simply ‘Beat’ was the great second revolution of Rock. Most noteworthy are The Beatles, who won the hearts of every teen in the UK and America, and who started out as a seemingly upright boysband but later revolutionized sound recording. Inspired by their huge success - a true mania - many British Mersey Beat bands took the journey across the ocean to invade America and become Rock stars, though few actually succeeded. This phenomenon and the genre itself, is since known as the British Invasion (though British Blues Rock was also a part of this invasion).

A particular subcultural phenomenon closely related to Mersey Beat, is the British Mod scene of the fifties and the sixties. Young rebellious biker boys were united in their stance against conformist Rock and preferred a blend of sped up Rock ‘n’ Roll and Motown. This eventually led to Beat Music (aka Merseybeat) and later to the New Romantics and even Britpop. With their speakers always on max volume and a healthy diet of pep pills, they were the vanguard of a new era of Rock – a Golden Age of guitars and soundwaves.
","[""Billy J. Kramer & the Dakotas"",""Gerry and the Pacemakers"",""Herman's Hermits"",""John Lennon"",""Manfred Mann"",""Small Faces"",""Squeeze"",""The Animals"",""The Beatles"",""The Kinks"",""The Searchers"",""The Zombies""]"
10.02.02,Folk Rock,10.02.02: Rock -> Golden Age/Classic Rock -> Folk Rock,1965,"The British Invasion casted a shockwave throughout music industry and was practically impossible to ignore in the UK. Even the secluded folk communities took an interest in the strong backbeat and catchy guitar hooks. Pioneering band the Byrds initiated this evolution, starting out as a pure Folk band but dragging along many others in a real Folk Rock hype. By signing up with record labels (and thus going the “commercial” path) the (protest) messages and reflective stories of Folk Rock artists could reach a much larger audience than before. An appealing thought for artists who believed in the importance of story over sound. This came at the expense of experimentation: the songs were pretty conventional and simple. On top of that, an idealistic but too naïve world view didn’t help either to win over a large amount of fans who weren’t keen on this new direction towards Rock.

Folk Rock differs from the previous Folk Revivals in the use of electric, 12-string guitars and vocal harmonies in bands. There is a significant amount of overlap with Country Rock, as both genres are crossovers from acoustic guitar genres into electric guitar Rock.
","[""Adam Torres"",""Alan Jackson & Jimmy Buffett"",""America"",""Billy Bragg & Wilco"",""Bob Dylan"",""Bob Dylan & The Band"",""Crosby, Stills, Nash & Young"",""Crosby, Stills, Nash, & Young"",""Donovan"",""Edie Brickell"",""Fairport Convention"",""Jim Croce"",""Jimmy Buffett"",""John Francis Flynn"",""John Prine"",""John Prine/Iris Dement"",""John Stewart"",""Joni Mitchell"",""Lankum"",""Melanie Safka"",""Myriam Gendron"",""Neil Young & Crazy Horse"",""Neil Young With The Stray Gators"",""Off Kilter"",""Oisin Leech"",""Richard Dawson "",""Ry Cooder"",""Simon & Garfunkel"",""The Byrds"",""The Dubliners"",""The Lovin' Spoonful"",""The Mamas & The Papas"",""The Pogues"",""The Turtles"",""Van Morrison"",""Yorkston, Thorne, Khan""]"
10.02.03,British Blues & Blues Rock,10.02.03: Rock -> Golden Age/Classic Rock -> British Blues & Blues Rock,1964,"Parallel to the British Rock Invasion, the British Blues Invasion took hold, which was sometimes hard to separate from the other one. Yet British Blues aka British R&B started out in London instead of Liverpool and was not influenced by Merseybeat. As Blues became harder, faster and louder, and Rock started to take an interest in Jazz (Acid Rock), the two grew from quite different paths into a powerful combination which was performed by a huge amount of artists during the sixties and seventies. There is a large area of overlapping between Blues Rock and Acid Rock and often the same artists are mentioned for both genres. Blues Rock artists usually sang anti-establishment lyrics, paving the road for later Metal.

Smaller subgenres were eventually formed as well, such as the Piano Blues based Boogie Rock. Blues Rock stayed true to the early three-chord Chicago Blues, but added more guitar improvisation (solos), distortion and psychedelic effects. Especially Chicago legends Muddy Waters, Howlin’ Wolf, and Robert Johnson were a huge influence on this new wave of Blues artists. A remarkable fact, considering that all original Blues Rock artists are white. And thus American (black) Blues was injected into the world of British (white) Rock.
","[""Alexis Kormer"",""Bonnie Raitt"",""Canned Heat"",""Carlos Santana"",""Chicken Shack"",""Cream"",""Derek & thee Dominos"",""Eric Clapton"",""Free"",""George Thorogood & the Destroyers"",""Janis Joplin"",""Joe Cocker"",""John Mayall & The Bluesbreakers"",""Johnny Winter"",""Juicy Lucy"",""Keith Richards"",""Paul Butterfield Blues Band"",""Peter Green"",""Robert Plant"",""Savoy Brown"",""Spencer Davis Group"",""Steve Miller Band"",""Stevie Ray Vaughan & Double Trouble"",""Ten Years After"",""The Pretty Things"",""The Robert Cray Band"",""The Rolling Stones"",""The Taste"",""Uncle Mal""]"
10.02.04,Psychodelic Rock,10.02.04: Rock -> Golden Age/Classic Rock -> Psychodelic Rock,1965,"The sixties marked a new age of hope, reconstruction, love and peace after the aftershocks of World War II. A huge spiritual hippie subculture flourished in many places, especially those with a large student population. The principal among them was the famous Height Ashbury district in San Francisco, where accordingly people wore “flowers in their hair”. These young hippies were inspired by eastern cultures and music (particularly the works of Indian Raga musician Ravi Shankar), the structure and experimental nature of Free Jazz, and (of course) countless psychedelic drugs. Especially LSD with its vivid and colorful hallucinations slowly conquered their daily lives. LSD (or acid) was strongly promoted by alternative psychologists and epistemological gurus like Timothy Leary and Aldous Huxley.

All these different inspirations were set loose upon the popular college music of the time: Folk Revival, Mersey Beat, and mostly Garage Rock, to create freeform, exotic Rock music with psychedelic sound effects. The stereotypical warm and fuzzy sound of Hammond organs is no stranger to Psychedelic (or Psy) Rock as well. Because of its highly experimental nature and drug-and-peace-friendly appeal, many subgenres saw the light and were conjoined under the tag “Psychedelia”. Multiple revivals in the coming decades, such as the Paisley Underground and Neo-Psychedelia, are proof of the vastness and popularity of this genre. Within the large treasure chest of Psychedelia, countless rare gems can be found, made by a flood of unknown artists, sometimes even impossible to find on the internet.

The power of the countercultural movement and Psychedelic Rock was strongly felt in a large social gathering in 1967, known as the (first) “Summer of Love”, but the height came in the form of Woodstock in 1969: one of the largest festivals of all time and a symbol of connection in mind and spirit between all countercultural attendees, but also a turning point for Rock music in general. The hippie tidal wave became too big, and finally broke.
","[""Captain Beefheart & His Magic Band"",""Country Joe & the Fish"",""DOOM GONG"",""Desert Mountain Tribe"",""Foxygen"",""Goat"",""Grateful Dead"",""Iron Butterfly"",""Janis Joplin"",""Jefferson Airplane"",""Jimi Hendrix"",""Jimi Hendrix Experience"",""Kali Ma and the Garland of Arms"",""Khruangbin"",""King Gizzard & The Lizard Wizard"",""Mdou Moctar"",""Psychedelic Porn Crumpets"",""Question Mark & the Mysterians"",""Santana"",""Strawberry Alam Click"",""Tash Sultana"",""The Crazy World of Arthur Brown"",""The Doors"",""The Magic Mushrooms"",""Unknown Mortal Orchestra"",""Wand"",""Yardbirds""]"
10.02.05,Hard Rock,10.02.05: Rock -> Golden Age/Classic Rock -> Hard Rock,1968,"In the UK, many music genres have been restyled into a rougher, “British” version of themselves. The same happened with Blues Rock in the late sixties, which got restyled into Hard Rock. This happened simultaneously with the shutdown of UK’s pirate radios of the sixties. Subsidized radio stations after this closure preferred a palette of Pop Rock and Soft Rock and created a hiatus for heavier, more alternative music. Hard Rock filled that gap with a louder and faster kind of Blues Rock / Acid Rock and is therefore the missing link between these genres and Heavy Metal. The genre quickly caught on with the masses. After all, it was the first “heavy” music genre to exist or certainly the heaviest at this time.

Hard Rock uses the same instrument set-up as basic Classic Rock but with more distortion on the guitars and simple song structures. Hard Rock also introduced one of the most quintessential Rock elements: the “Riff”. Riffs are short unique melodies, often repetitive and a recognizable trademark of many Rock anthems.

Bursting with testosterone, Hard Rock is a macho thing, regardless if you’re a biker, leather-clad Rock star, or simply part of the rebel outlaw-subculture. The lyrical content often dealt with these lifestyles, talking about dark, criminal or macho topics. A new direction of music was born, so large and prominent that it’s hard to say which Metal, Industrial or modern Rock genre wasn’t influenced by it.
","[""AC/DC"",""Aeorsmith"",""Aerosmith"",""Aerosmith & Run DMC"",""Black Mountain"",""Chris Allen Hess"",""Free"",""George Thorogood"",""Humble Pie"",""Joe Walsh"",""Kiss"",""Led Zeppelin"",""MoonKill"",""Pat Benatar"",""Ram Jam"",""Research Turtles"",""Scorpions"",""Steppenwolf"",""Sweethead"",""Ted Nugent"",""The Answer"",""The Birthday Kiss"",""The Cult"",""The Kissaway Trail"",""The Who"",""Thin Lizzy"",""Trouble"",""Van Halen"",""X"",""Zebra""]"
10.02.06,"Progressive Rock, Art Rock, & Symphonic Rock","10.02.06: Rock -> Golden Age/Classic Rock -> Progressive Rock, Art Rock, & Symphonic Rock",1969,"The difference between Art Rock and Symphonic Rock is pretty straightforward (more ‘artsy’ versus more classical elements), but their adjectives can be applied to Progressive Rock as well. Though technically different, we will treat these three genres as one and the same for the sake of conciseness.

By the mid sixties the new 33rpm long-play records had pushed away the older 78rpm records, allowing for more playtime on one record. Thus shifted the focus from hit singles to elaborate concept albums, in which also longer songs were possible. Longer songs meant more opportunity to experiment with passages, structure and song progression (hence the genre name). The (modest) freeform and crossover of Acid Rock inspired some “progressive artists” to experiment as well, but more towards classical music than world music. Softer, longer, and intricate songs were the result, with lots of tempo changes and special instruments (like a mellotron). It was contemplative, difficult to write music and not really meant for live performances, but to be mastered to perfection on vinyl as the Holy Grail for the intellectual audiophile. Because during the sixties, another key event in music history occurred that explains Prog Rock’s appeal: the appearance of stereo headphones and hi-fidelity speakers and home amplifiers. Stereo becomes the norm instead of mono and music listening turns into an uncanny sensation through technology that still delivers excellent sound quality by today’s standards.

Although numerous artists jumped on the bandwagon, especially in Italy, France and Germany, only few attained public fame. In the late seventies and early eighties, an emotional Prog(ressive) Revival aka Neo-Prog (with the band Marillion as principal exponent) further nurtured the undying interest of selective fans. The most important, experimental and peculiar Prog Rock subgenre is probably “Zeuhl”, that uses Opera and synth influences with chaotic percussion to create a fantasy-loaded dream world where anything is possible.
","[""ABBA"",""Chicago"",""EOB"",""Emerson Lake & Palmer"",""Jethro Tull"",""King Crimson"",""Magma"",""Marillion"",""Moody Blues"",""Muse"",""Nusrat Fateh Ali Khan & Peter Gabriel"",""Peter Gabriel"",""Pink Floyd"",""Procul Harum"",""Ruins"",""Rush"",""Sting"",""Thee Silver Mt. Zion Memorial Orchestra"",""YAMANTAKA // SONIC TITAN"",""Yamantaka // Sonic Titan"",""Yes""]"
10.02.07,Krautrock,10.02.07: Rock -> Golden Age/Classic Rock -> Krautrock,1970,"In the period ensuing World War II, German culture and especially music had been looking for a new identity. Determined to create the most original, innovative and unique music ever invented, a handful of German bands got to work, drawing influences from almost equally experimental Progressive Rock groups. When the first commercial synthesizers were released, they were the vanguard to exploit them in any way imaginable and thus releasing electronic music onto the masses. Typically German, the result was Prog Rock, but with electronic influences and based on a repetitive and mechanical sound called “Motorik”. Motorik gave Krautrock a sterile sound due to a complete absence of acoustic elements. By using this motorik, Krautrock introduced a slow song progression reminiscent of Minimalism and avant-garde Downtempo, instead of traditional Rock structures and solos. Influences from Psychedelia were also welcomed by German bands, with which they shared a love for experimentation. Krautrock is actually a derogatory term by the British Press. In Germany, Krautrock’s lengthy “Electro-Psy-Prog-Rock” songs were more appropriately known at the time as Cosmic (Kosmischen) Rock. With their mythological and cryptic band names, Krautrock bands formed the perfect prelude for Space Rock, which finally evolved into Stoner Rock.

One band however, chose a far more radical path than others by abandoning all Rock influences. Kraftwerk made the first completely electronic music that had recognizable structure, melody, and bass. With Kraftwerk as arguably the most revolutionary popular music artist of all time, Krautrock is one of the most influential genres, bridging the gap between Rock and Dance.
","[""Amon Duul II"",""Ash Ra Tempel"",""Can"",""Cluster"",""Cosmic Jokers"",""Faust"",""Guru guru"",""Kraftwerk"",""Neuf"",""Popol Vuh""]"
10.02.08,Glam Rock/Glitter Rock/Shock Rock,10.02.08: Rock -> Golden Age/Classic Rock -> Glam Rock/Glitter Rock/Shock Rock,1971,"The implosion of the flower power age led to a shift of focus towards individualism and with some artists to a cult of personality. One important contributor to this change is the introduction of popular music onto television. At first with broadcasted performances, music programs and in the eighties even with specialized music channels and video clips. This was strongly felt in the world of Rock where Hard Rock became less about auditory and more about the visual. Certain Rock artists grasped the opportunity of TV to stand out and get noticed. Either by shocking audiences with sexual or provocative acts (Shock Rock) or by conceiving eccentric alter egos through make-up and fashion (Glam/Glitter Rock). Ironically the sound was far from shocking, it was glamorous. Glam Rock’s style could range from Singer/Songwriter to Prog Rock or even Hard Rock, but often with piano melodies. Conceptual video clips gave the genre appeal in intellectual circles (something its Metal successor “Glam Metal” lost) and increased the concept of mystery and the bizarre. Glam Rock is about fame. Androgynous singers and electronic influences frightened traditional Rock enthusiasts who started forming a large countermovement in “Roots Rock”. Glam Rock overlaps with its successor, Proto Punk, which would transfer the glam universe of excess and eccentricity to Punk Rock.
","[""Charli XCX & Christine and the Queens"",""Christine and the Queens"",""David Bowie"",""David Bowie / Queen"",""Lou Reed"",""Marc Bolan"",""Queen"",""Roxy Music"",""Salde"",""Suzi Quatro"",""Sweet"",""T.Rex""]"
10.02.09,Southern Rock,10.02.09: Rock -> Golden Age/Classic Rock -> Southern Rock,1971,"When a nation loses a war, often a deep urge arises to reestablish its pride and express its identity. Southern Rock is another example of many styles typical for the southern states of the US and arguably the one that stresses most the will of pride, glory and freedom. This fusion genre is patriotic to the bone: southern American Blues (Delta) meets southern American Country (Outlaw) meets American Rock (Rock ‘n’ Roll). After a period of experimenting and psychedelic Rock, the time for back to the roots Rock music was at hand. Southern Rock is distinguishable by being raw and loud. It is the celebration and adoration of electric (Blues slide) guitars by having multiple lead guitars playing (often improvised) solos whenever they’re not used for some heavy boogie jamming. In conclusion: Southern Rock is either a gentle Country balled with a touch of Blues Rock or a freight train rollercoaster looping and spinning off its tracks until the shaking boogie rhythm puts it back on again for another ride. In the 21st century, a new wave of Southern Rock artists comes on the scene such as the Kings of Leon and the Black Crowes.
","[""Black Oak Arkansas"",""Blackfoot"",""Creedence Clearwater Revival"",""Delaney & Bonnie"",""Delbert McClinton"",""Drivin' N' Cryin'"",""Kings of Leon"",""Little Feat"",""Lynyrd Skynyrd"",""Rockerfellas"",""Stevie Ray Vaughan"",""The Allman Brothers"",""The Allman Brothers Band"",""The Black Crowes"",""The Georgia Satellites"",""ZZ Top""]"
10.02.10,Heartland Rock & Adult Oriented Rock,10.02.10: Rock -> Golden Age/Classic Rock -> Heartland Rock & Adult Oriented Rock,1971,"When people think about Rock of the seventies, it’s usually not Hard Rock or Glam Rock, but the antagonistic “A.O.R.” short for Adult Oriented Rock (and not album oriented rock as sometimes described). A.O.R provided the counterweight for loud, sharp, in-your-face Rock within more alternative and “mature” circles, hence its name (though many adults were also college students in the beginning). The contrast with Hard Rock increased, leading to the antonym Soft Rock. A.O.R. has many synonyms such as American Rock, Arena Rock, Stadium Rock, Late Hard Rock and Pomp Rock. These names already show the massive popularity of the genre and the allegedly pompousness of many acts. Strongly reminiscent of Prog Rock, A.O.R. bands focused on the album as a whole (singles were less important) and they were filled with long and varying songs. A.O.R is a lot more catchy and accessible than Prog Rock (though experimentation is not out of the question). The main reason for A.O.R.’s success does not lie in its glossy production or the combination of dramatic guitar chords with simple drum patterns. Though this certainly helped, its success lies in a twisted nostalgia of the free spirit of the sixties, and a strong desire to forget all negative things of the early seventies: Vietnam, Watergate and the Iran War. A.O.R. is a Flower Power Fata Morgana.

Heartland Rock can be seen as a subgenre of A.O.R. This music genre emerged in 1979 and quickly gained momentum as it was made for the everyday blue collar hard-working American. The name refers to the “Heartland” of America, which are the Midwestern states of the U.S.
","[""Billy Joel"",""Bob Seger"",""Bon Jovi"",""Boston"",""Bruce Springsteen"",""Bryan Adams"",""Chris Isaak"",""Creedence Clearwater Revival"",""Dire Straits"",""Elton John"",""Fleetwood Mac"",""Foreigner"",""Heart"",""Hootie & The Blowfish"",""Hootie & the Blowfish"",""Ian Hunter & The Rant Band"",""J.J. Cale"",""Jeff Beck / Rod Stewart"",""John Cougar Mellencamp"",""Journey"",""Loverboy"",""Meatloaf"",""Neil Diamond"",""Patty Smyth / Scandal"",""REO Speedwagon"",""Randy Newman"",""Rod Stewart"",""Steely Dan"",""Stevie Nicks"",""Survivor"",""Survivors"",""The Eagles"",""The Subdudes"",""The Tragically Hip"",""The Wallflowers"",""Tom Petty"",""Toto""]"
10.02.11,Surf Rock,10.02.11: Rock -> Golden Age/Classic Rock -> Surf Rock,1958,"The sun, the beach, palm trees, and a carefree (“mellow”) life style were the perfect atmosphere for surf boys to retreat in the shack to work on their guitar technique. With incredibly fast, rolling guitar riffs put in reverb, they created a washing sound that could easily imitate ocean waves and impress girls in that true Rock ‘n’ Roll heritage. Almost all Surf Rock is purely instrumental (hence the synonym Instrumental) and this draws even more attention towards the proficiency of its guitarists. Non-instrumental genres were often much slower and less technical, but also very popular, such as Sunshine Pop and California Sound. Pure Surf Rock with lyrics is called Surf Pop, of which the Beach Boys are by far the most well-known exponent.

Surf Rock features standard 4/4 Rock ‘n’ Roll riffs, yet spiced up by influences from Cuban malagueña songs (a type of Salsa). This made them so fast, catchy and addictive that everyone wanted to play them. Covering Surf Rock tunes from other bands was so common and tolerated, that eventually nobody knew anymore who actually made the original. This was non-commercial, DIY, fun music in its purest form, which sadly became almost completely extinct, because almost all bands cared too little for professional distribution or promotion of their music.
","[""Dick Dale & His Del-Tones"",""Link Wray"",""Little Nicky & The Slicks"",""Santo & Johnny"",""Shadows"",""The Beach Boys"",""The Champs"",""The Chantays"",""The Markets"",""The Revelaires"",""The Revels"",""The Shadows"",""The Surfaris"",""The Ventures""]"
10.03,Punk Rock/New Wave,10.03: Rock -> Punk Rock/New Wave,null,"Punk, Post-Punk, and New Wave form a well-documented chapter in the history of Rock, probably because the protagonists show so much evolution in such a short time span. What started as the plainest and purest form of Rock, changed into a conceptual movement embracing the eccentric. In the beginning Punk formed the antipode for what New Wave would later become: mass-appeal, interest from adults, heavy post-production, stardom, eclecticism. The exact same trademarks of Progressive and Stadium Rock from the early seventies which fueled Punk’s revolt in the first place. Rock had lost all connection with the young crowd and a return to the roots was far past due.

Punk mentality goes back beyond the seventies: the concept of short, powerful riffs and brief, energetic songs can be traced to the roots of Power Pop. So called “power chords” not only form the basis for Punk, but even became parodied in a famous quote by Punk magazine Sniffin’ Glue: “Here’s a chord. Here’s another one. That’s three. Now go and form a band!” This quote reveals much about the amateurism of early Punk Rock bands. Punk was almost a statement about ineptitude: anyone could do it. And indeed, some famous artists couldn’t even read notes or barely play guitar. As a living paradigm of protest, Punk knew how to bring music back to the youth: raw, sincere, lo-fi, spontaneous. This is very similar to what happened in Jamaica around the same time: Punk and Reggae were brothers in arms, protesting against authority and returning music to the streets. Punk is Robin Hood in leather and pins. A culture of DIY and sleaziness (drugs, vandalism, squatting, riots, graffiti) blends in with such epitome of enfant terrible, made by and for “punks”: kids who are up to no good. And this is what has made Punk attractive during all these years. Just like Garage Rock and Grunge, Punk is raw: the shredded remains of all eclectic and “intellectual” Rock genres down the meat grinder.

Technically, Punk uses a faster tempo than most Rock genres with sparse instrumentation. Chords are simple but powerful and vocals are usually with a small dynamic range, except when screamed. But Post-Punk and New Wave use more extensive song structure, vocal range and instrumentation. A technical common ground seems therefore far off. What binds these different styles is the power of idea and a strong emphasis on the visual, particularly fashion. The whole era of Punk and Wave is dominated by powerful imagery, shocking personalities and new technology. Both Punk and Wave focus on concept and message. These are not songs about everyday life or personal feelings. Punk and Wave are about the fabric of society in a pessimist, cynical, undermining, or melancholic manner.

The genealogy of Punk and Wave starts with a scattered plethora of Punk subgenres, such as Queercore, Cowpunk, Gypsy Punk, Riot Grrrl, Celtic Punk, Street Punk, Art Punk, Oi!-Punk, Skate Punk, Pop Punk, Psychobilly & Horror Punk, Ska Punk,… Punk becomes almost a one-size-fits-all suffix. The viability of every crossover is put to the test and only the most influential or durable are listed on the map. Retrospectively, Punk branched into two large music streams: Hardcore Punk and Post-Punk/Wave. When New Wave starts to embrace the synthesizer and crosses over to Pop (= Synthpop), it suppresses Post-Punk and pushes it underground (into Gothic/Industrial). Although Synthpop & New Wave might differ greatly from Punk, they use similar concepts of Dadaism and collage as well as expanding these concepts to art forms beyond music, e.g. fashion and performance art. Industrial (and Gothic) inherited Punk/Wave’s intrusion of reality, taking over as popular music’s ultimate insurgent.
",null
10.03.02,Pub Rock & Proto Punk,10.03.02: Rock -> Punk Rock/New Wave -> Pub Rock & Proto Punk,1971,"Roots Rock is a vague portmanteau term for Rock genres that steered away from electronic or Pop influences (back to the roots) and which were influenced by early, rural, outside genres such as Folk, Blues and Country. Roots Rock genres include Country/Folk Rock, Southern Rock, as well as Pub Rock. The latter is probably the least familiar one, but significant as the missing link between Hard Rock and Punk Rock. In the US, Pub Rock is seen as no-nonsense Rock for the everyday common man affiliated with A.O.R. In the UK, Pub Rock popped up in bars (pubs) as a more raw, stripped down kind of Rock. It was a short, spontaneous, loose movement, fitting for brawls and malcontent after the end of the flower power age.

Pub Rock and Proto Punk are fairly different genres, but they are both predecessors of Punk. American Proto Punk is much more vaguely defined; in fact it is rather a collection of very influential avant-garde artists who cannot really be placed in another genre and who even sometimes cross over to Classic Metal. Yet these artists had a tremendous influence on Punk and Krautrock, making them among the most important Rock artists of all time.
","[""Bees Make Honey"",""Brinsley Schjwarz"",""Ducks DeLuxe"",""Eggs Over Easy"",""Iggy Pop"",""Iggy Pop & The Stooges"",""Iggy Pop & the Stooges"",""Joan Jett"",""MC5"",""Mott The Hoople"",""Mott the Hoople"",""New York Dolls"",""The Monks"",""The Stooges"",""Velvet Undergrounmd""]"
10.03.03,Punk Rock,10.03.03: Rock -> Punk Rock/New Wave -> Punk Rock,1975,"Punk Rock probably was the biggest revolution in Rock history, although the build-up was already tangible in the British bars in the form of Pub Rock. The economic and political situation in Britain during the early seventies made a few young up-to-no-good kids (“punks”) really angry. In the US, they rediscovered the similar forgotten Garage Rock mentality, but the most important contributor of Punk was a strong backlash against “Stadium Rock” of the early seventies. Popular Prog Rock and A.O.R. bands started to reach massive (and more mature) audiences and Rock had become an eclectic spectacle for the elite masses. It was time for a return to the primordial roots of Rock – to give the youth back its stolen and deformed middle finger.

The music was Hard / Garage Rock, but much shorter, faster, energetic, raw and stripped to the base chords which blended in with the rapidly growing out of control Punk subculture. Many early amateur Punk Rock band names were gross and sleazy: Punk liked to indulge in a provocative culture of extreme haircuts (flashy colors, moehawks, sharp peaks), rebellious fashion (disorderly, rough, torn) and disgusting behavior, such as snorting very foul amphetamine sulphate crystals as they were the cheapest drug around. The difference with Industrial was that you could really go wild and dance to it, thus explaining its unfathomable magnetism. A lot of UK Punk was witnessed in the Roxy club, London, whereas US Punk evolved mainly out of the legendary club CBGB’s, New York (which also propelled Post-Punk and New Wave).
","[""Amyl and The Sniffers"",""Dead Kennedys"",""Iceage"",""Jesus H. Christ"",""Joe Strummer And The Mescaleros"",""John Doe"",""Laura Jane Grace"",""Patti Smith"",""Sleater-Kinney"",""Social Distortion"",""The Adverts"",""The Buzzcocks"",""The Clash"",""The Damned"",""The Dead Milkmen"",""The Jam"",""The Misfits"",""The Ramones"",""The Sex Pistols"",""The Undertones"",""The Zydepunks"",""X-Ray Spex"",""iceage""]"
10.03.04,Post-Punk,10.03.04: Rock -> Punk Rock/New Wave -> Post-Punk,1978,"Punk Rock, or more accurately the Punk movement, died around the same time Disco reached her peak. The fall of Punk juxtaposed to the rise of Disco casted a gloomy shadow of both fear and hate among Rock artists. This can be witnessed in the many genres interwoven in the same sociocultural framework as Post-Punk: Early Industrial and Noise genres, Gothic Rock and the No Wave movement. But the immediate aftermath of Punk was Post-Punk: Punk Rock without its edges, but also without some of its amateurism and naivety. In this genre, a dark, arty struggle is noticeable; a difficult coping with what society had become and the impotence of music to change it. One must not forget for example, that 1973 was the year of the first Oil Crisis (which was rapidly followed by the second one in 1979) with long-term international effects on employment and income.

Post-Punk songs became longer, less explosive/aggressive but more complex and challenging. Many Post-Punk songs display a tendency for repetitive elements, to induce a certain trance. Searching for new structures, Post Punk (a subcultural movement on its own) explored less conventional techniques and instruments, while immersing itself deeply in the “Black” music of Funk and Dub. These interests trickled down through Post-Punk into other innovative genres such as Madchester and Trip Hop. Different Post-Punk songs can sound entirely different and a cohesive definition of the genre is lacking. The experimental nature of Post-Punk prevented a true countermovement as there was no unified sound, merely an endless quest. Only New Wave was capable of shedding a light at the end of the tunnel.
","[""ACTORS"",""Art Brut"",""Automatic"",""Cardinals"",""Cate Le Bon"",""Cola"",""Concrete Blonde"",""Coriky"",""Echo & the Bunnymen"",""Font"",""Gang of Four"",""Ganser"",""Hot Hot Heat"",""Infadels"",""Interpol"",""Joy Division"",""Killing Joke"",""Love and Rockets"",""Moaning"",""Moin"",""Ought"",""Preoccupations"",""Protomartyr"",""Public Image Limited"",""Robber Robber"",""Savages"",""Section 25"",""Sugardrive"",""Sweeping Promises"",""Talking Heads"",""Tamar Aphek"",""The Cure"",""The Fall"",""The Futureheads"",""The Pop Group"",""The Psychedelic Furs"",""The Rapture"",""The Stone Roses"",""The The"",""Tunde Adebimpe"",""Tuxedomoon"",""U2"",""Viet Cong"",""XTC"",""Yves Tumor""]"
10.03.05,New Wave,10.03.05: Rock -> Punk Rock/New Wave -> New Wave,1980,"As one of the most misused genre names, New Wave often stands for any eighties’ music that sounds somewhere between Rock and Electronic, up to and including Shoegazing, EBM and even New Beat. In the strict sense however, New Wave is only the parallel after Punk reaction, alongside (and quite similar to) Post-Punk, but often with the addition of synthesizers. An important influence from Reggae is also noticeable in the music: a consequence of the collaboration between Punk and Reggae subcultures during their political protest.

The main difference however, is not this growing shift towards electronic Pop, but a clear positive mentality and matching subculture. Herein, the fashion legacy of Punk continues and reaches a new height and hipster look, accompanied by matching graphic design and art. New Wave then, is all about image and looking hip. About embracing the unknown electronic future, instead of reminiscing the glorydays of Punk.

When Ian Curtis (frontman of legendary Post-Punk band Joy Division) committed suicide at the end of 1980, many musicians felt that the whole “Post-Punk Depression” had gone too far and become all too real. From 1981 onwards, a lot of New Wave rapidly changes into Synthpop - which was truly futuristic and progressive – though it still bore the melancholic remnants of dark Post-Punk days.
","[""Adam and the Ants"",""B-52s"",""Big Pig"",""Blondie"",""Devo"",""Elvis Costello & The Attractions"",""Elvis Costello & the Attractions"",""Fischer Z"",""INXS"",""Icehouse"",""Jesus Jones"",""Oingo Boingo"",""Orchestral Manoeuvres in the Dark"",""Pretenders"",""Talking Heads"",""The B-52's"",""The Cars"",""The Motels"",""The Police"",""The Sounds"",""The Stranglers"",""The Teardrop Explodes"",""Thomas Dolby"",""XTC""]"
10.03.06,No Wave,10.03.06: Rock -> Punk Rock/New Wave -> No Wave,1978,"Despite the modest popularity and briefness of the movement, No Wave is a well documented and often portrayed music genre. A lot of this attention can be explained by the strong outlines of the genre, the intensity of the music and the hidden but important influence on other genres. No Wave was a cultural avant-garde movement sprawling forth out of the darker, more industrial and abandoned places of New York City and the work of avant-garde bands like Suicide and The Velvet Underground. A number of intellectual artists could no longer bear the depressing events of the seventies, nor the irony of the rising tendency to make New Wave catchier and happier. In the concrete underground jungle of their urban warzone, they created a soundtrack fit for total apocalypse: instrumental, atonal, eclectic, super pissed off and depressing post-Post-Punk-proto-Grunge. Often there were extremely chaotic passages directly inspired from Free Jazz. But No Wave was more than just music: directors, inspired by the French Nouvelle Vague movement and performance artists displayed similar expressions of deconstructivism and nihilism. The minimal lifespan of No Wave (the entire scene lasted from 1978 to 1982) can be explained by an absence of a unified goal. All No Wave artists were connected by their rejection of everything (“NO”), yet failed to become a conglomerated movement. If it weren’t for Brian Eno’s infamous compilation “No New York”, No Wave’s face would probably still be masqueraded in grainy low-key shadows it so dearly embraced.
","[""Contortions"",""DNA"",""Live Skull"",""Lounge Lizards"",""Lydia Lunch"",""Mars"",""Suicide"",""Swans"",""Teenage Jesus and the Jerks"",""Theoretical Girls""]"
10.03.07,Horror Punk & Psychobilly,10.03.07: Rock -> Punk Rock/New Wave -> Horror Punk & Psychobilly,1981,"Psychobilly is a weird and unusual fusion genre that never received much attention, although it has a recognizable sound and substantial subculture. In the late seventies, Punk/Garage artists were drawn towards Rockabilly. The mixture of these genres processed a remarkable outcome: creepy Rock ‘n’ Roll with haunting echos, spooky sound effects and rough chainsaw riffs. It is downright crazy music, like the band had lost their brain and became zombified, hence the word Psychobilly. Vocals are also often sung in a stuttering manner, reminiscent of Rockabilly.

Horror Punk or Horror Rock is a genre defined by a large amount of nostalgia for fifties imagery, fashion and themes and especially horror films. Horror Punk shares a great deal of overlapping with Psychobilly as both genres like to indulge in a subculture of B-flicks and cultmovies. Horror Punk and Psychobilly are among the few subgenres of Punk that don’t take themselves seriously (on the contrary), which explains a great deal of their popularity. Shortly after its birth, Psychobilly directly leads to the second wave of Garage Rock (a minor revival movement). Cowpunk or Country Punk (a lesser known Punk subgenre) can be seen as a further evolution of Psychobilly, merging with Alternative Country.
","[""AFI"",""AJJ"",""Calabrese"",""Demented Are Go"",""Ezra Furman"",""Man Man"",""Misfits"",""Pigeon Pit"",""Reverend Horton Heat"",""The Cramps"",""The Living End"",""The Meteors"",""The Red Elvises"",""Wednesday 13"",""Zombina & the Skeletons""]"
10.03.09,Skate Punk & Pop Punk,10.03.09: Rock -> Punk Rock/New Wave -> Skate Punk & Pop Punk,1992,"Both Skate Punk and Pop Punk already existed before the nineties, but were rather obscure subgenres at that time, especially Pop Punk. A second wave or technically a revival of these genres was accelerated by the success of Grunge and the interest in rough guitar music by major record labels that came along with it. Pop Punk and Skate Punk deliver the bursting, loud mouthing energy of Punk, neatly tucked into a flashy jacket of Pop. Where the latter genre consists of independent artists strongly linked to skater or extreme/urban sport subculture, the former is the product of a marketing hype towards (skater) teens, with a strong lack of integrity in their lyrics (like 25-year olds pretending to be still in high school).

Both genres are strongly teen/adolescent oriented, with lyrics that attempt to make sense in their daily lives (Pop Punk bands were purely designed for this like a “bad” boysband). Topics of heartbreak, drugs, friendship, and anti-establishment, often in a rebellious way, are perfect for the reactionary teenager but not too explicit to sell in large volumes. But Skate Punk can go much deeper and become highly political, such as the reactionary “Rock Against Bush” movement.

Both genres qualify as Punk Rock revivals, albeit with Metal and Grunge influences. Pop Punk and Skate Punk are Punk because they are aggressive with mainly short and explosive songs. On the other hand they are also Pop, with their melodic sing along tunes or even anthems.
","[""Blink 182"",""Blink-182"",""Bowling for Soup"",""Dropkick Murphys"",""Gob"",""Good Charlotte"",""Hot Action Cop"",""Jeff Rosenstock"",""Jimmy Eat World"",""Joyce Manor"",""KennyHoopla"",""Lambrini Girls"",""Little Hurt"",""MXPX"",""Machine Gun Kelly"",""Me First And The Gimme Gimmes"",""My Chemical Romance"",""NOFX"",""Nerf Herder"",""New Found Glory"",""No Doubt"",""PUP"",""Pennywise"",""Rancid"",""Rare Americans"",""Screeching Weasal"",""Sugarcult"",""Sum 41"",""The Offspring"",""blink-182""]"
10.03.10,Modern Art Punk,10.03.10: Rock -> Punk Rock/New Wave -> Modern Art Punk,null,"Art punk is a subgenre of punk rock that mixes raw punk energy with experimental avant-garde sensibilities.Key CharacteristicsIntellectual approach: Bands reject traditional rock structures.Experimental sounds: Tracks feature dissonant chords, unconventional time signatures, and noise elements.Art school roots: Many pioneering musicians emerged directly from art college backgrounds.Eclectic influences: Songs blend punk with jazz, electronic, funk, or spoken-word poetry.Key PioneersWire: Created minimalist, sharp, and highly calculated sonic landscapes.The Fall: Utilized repetitive, gritty rhythms under cynical, literary rants.Television: Introduced complex, dual-guitar interplay into the early New York punk scene.
","[""Black Country, New Road"",""Blue Bendy"",""City Barricades"",""Dry Cleaning"",""Fontaines D.C."",""Goat Girl"",""Hórmónar"",""Idles"",""Mhaol"",""Pist Idiots"",""Porridge Radio"",""SPRINTS"",""Saul Williams"",""Special Interest"",""Viagra Boys"",""Yard Act"",""black midi""]"
10.03.11,90s Ska,10.03.11: Rock -> Punk Rock/New Wave -> 90s Ska,null,null,"[""No Doubt"",""Reel Big Fish"",""Squirrel Nut Zippers"",""Sublime"",""The Mighty Mighty Bosstones""]"
10.03.12,Indie Punk/Modern Garage Rock,10.03.12: Rock -> Punk Rock/New Wave -> Indie Punk/Modern Garage Rock,null,"Rock of the 2020s and later with heavy guitar and grunge influence.
","[""Alex Lahey"",""Aunts"",""Be Your Own Pet"",""Beach Bunny"",""Being Dead"",""Beverly Crusher"",""Big Eyes"",""Built To Spill"",""Bully"",""Bully & Soccer Mommy"",""Camp Cope"",""Camper Van Beethoven"",""Car Seat Headrest"",""Charly Bliss"",""Cherry Glazerr"",""Circa Waves"",""Courtney Barnett"",""El Canto del Loco"",""Evans The Death"",""Ex Hex"",""Frankie and the Witch Fingers"",""Gros Mené"",""Hop Along"",""Horsegirl"",""Indigo De Souza"",""J Mascis"",""Japandroids"",""Jet"",""King Hannah"",""King Tuff"",""Land Of Talk"",""Land of Talk"",""Male Bonding"",""Mannequin Pussy"",""Mattiel"",""Partner"",""Personal Trainer"",""Pile"",""SONS"",""Screaming Females"",""Sebastien Grainger"",""Sheer Mag"",""Skegss"",""Spesh"",""Stephen Malkmus and the Jicks"",""Surf Curse"",""Surfer Blood"",""Ted Leo/Pharmacists"",""The Breeders"",""The Bug Club"",""The Coathangers"",""The Donkeys"",""The Fratellis"",""The Gotobeds"",""The Hives"",""The Kills"",""The Lemonheads"",""The Lovely Eggs"",""The Mouthbreathers"",""The Raconteurs"",""The Regrettes"",""The Spook School"",""The Strokes"",""The Walkmen"",""The White Stripes"",""Thin Lips"",""Titus Andronicus"",""Unnatural Helpers"",""Wavves"",""Ween"",""Wolf Alice"",""Wunderhorse"",""ZOX"",""janitor scum & the scums""]"
10.04,Hardcore,10.04: Rock -> Hardcore,null,,null
10.04.01,"Anarcho-punk, Crust Punk, & D-Beat/Discore","10.04.01: Rock -> Hardcore -> Anarcho-punk, Crust Punk, & D-Beat/Discore",1977,"Punk Rock was besides music also a marketing machine, cleverly steered by the movement’s frontman and Sex Pistol’s manager Malcolm Mclaren. In response, a new subgenre answered to the machine: Anarcho-Punk (which lent its name from the Sex Pistol’s infamous single “Anarchy in the UK”). It wasn’t really anarchistic though, mostly reactionary towards Punk Rock. These bands swore by heavy DIY approach, little marketing or publicity, and by their own record production, forming the prelude to Hardcore Punk. A strong community sense, is another trademark of Anarcho-Punk, both by the artists and their fans. But most importantly (as there is not much difference in sound with early Punk Rock) are real political messages, fueled by a distaste for the lyrical shallowness of some of Punk Rock’s most famous bands. Political reaction grew stronger when conservative Margaret Thatcher took office in the UK in 1979, who proved to be a long lasting punching bag for Punk’s offspring genres.

A while after the development of Hardcore Punk (around 1985), Anarcho-Punk gets heavily influenced by Extreme Metal (both Black and Speed). This is clearly discernible in both a more chaotic and faster sound. Two Punk Rock subgenres emerge: Crust (Punk) aka Crustcore and D-Beat or Discore. Crust is a heavy, bass-filled style, much more nihilistic and bleak than Anarcho and the predecessor of Grindcore. D-Beat or Discore is a smaller and more straightforward style named after its repetitive, stuttering drum beats, which was particularly popular in Sweden.
","[""Amebix"",""Anti Cimex"",""Antisect"",""Anxiety"",""Crass"",""Dauðyflin"",""Detestation"",""Discharge"",""Flux of Pink Indians"",""Hellbastard"",""L.I."",""Orden Mundial"",""Propagandhi"",""Subhumans"",""TDA"",""mommy""]"
10.04.02,Original Hardcore,10.04.02: Rock -> Hardcore -> Original Hardcore,1980,"If Punk did survive, then it was in the spirit of Hardcore. Only this kind of no-nonsense rock harbored the bursting energy typical of Punk and even took it a step further. Hardcore (Punk) is extremely fast, raw, heavy and explosive. Many hardcore songs are even less than two minutes. It’s just a kick in the head with drums, guitars and shouting, angry vocals. The anarchy and chaos tangible in the music (just like Punk) seems to be the direct opposite of Hardcore’s disciplined lifestyle: Hardcore artists and fans are often known to be puritanical, non-hedonistic, strict and loyal. Some subgroups take this very seriously (almost militant) and have their own subgenres such as Straight-Edge. The reason for this paradox (anarchy versus order) can be explained by the inner core of hardcore, its essence: protest. Hardcore is all about critique on society, government and lifestyle.

Original Hardcore rose fast to popularity, leaving a long trail of subgenres in its wake: Straight-Edge (very purist and full of selfrespect), Bent-Edge (more the opposite), Beatdown Hardcore (very heavy and slower, leading to Deathcore), Nardcore (local California scene), and last-but-not-least Melodic Hardcore, which traded some velocity and fierceness for melody. New York was (and still is) one of the most important spawning pools of Hardcore, which led to the term New York Hardcore (N.Y.H.C.), but this is not really a separate subgenre.
","[""Agnostic Front"",""Bad Brains"",""Beach Impediment Records"",""Black Flag"",""Circle Jerks"",""Cro-Mags"",""G.L.O.S.S."",""In School"",""Madball"",""Minor Threat"",""NU"",""Rise Against"",""Sick of it All"",""Strik Anywhere"",""The Dead Kennedys""]"
10.04.03,Crossover Thrash,10.04.03: Rock -> Hardcore -> Crossover Thrash,1983,"Original Hardcore rapidly splintered into many important subgenres after its rise: the melodic Melocore, the ruthless Powerviolence, and the Punk fusions Crust-punk and Discore. Hereafter the natural fusion of two heavy guitar genres (Metal & Hardcore) led to a large, hard-to-define family of music, known as Crossover Thrash. Because the word Thrash is also an early synonym for Original Hardcore, Crossover Thrash actually has a two-way interpretation: Hardcore crossing over into Thrash Metal and the other way around. Within this aggressive whirlpool of genres, we find a new one: Thrashcore or Fastcore. Hardcore Punk became even faster, with even shorter songs, forcing the drummer to incorporate a new style of thrashing drumwork to match the insane tempo, called “Blast Beats”. Some Hardcore bands, such as Suicidal Tendencies and Bad Religion, created a faster type of music strongly linked to the Skater subculture. This early form or first wave of Skate Punk shared a lot of similarities with Thrashcore. Because many related bands experiment with all these genres (Skate Punk, Thrashcore, and both Thrash crossovers), their musical crossovers form an interesting, blurry mix of styles conjoined as Crossover Thrash; a noun often forgotten in favor of its more successful successors Grindcore and Metalcore. Crossover Thrash glorifies brevity: there’s not a moment to waste and even band names become abbreviated to signify a concentrated essence of purity and an acronym emanating power.
","[""Bad Religion"",""D.R.I"",""Das Oath"",""Electro Hippies"",""Limp Wrist"",""Lärm"",""Municipal Waste"",""S.O,.D"",""Septic Death"",""Suicidal Tendencies""]"
10.04.04,Grindcore,10.04.04: Rock -> Hardcore -> Grindcore,1986,"Soon a new genre emerged in the world of Hardcore, even faster than Speed Metal (or anything else). Grindcore is arguably one of the most extreme genres in the world of music. It is characterized by maximum-speed, ‘grinding’ buzzsaw guitars, bursting lyrics and special, hyperspeed repetitiveness and machinegun-like drum kicks (known as blast beats). With its non-defined song structure and maximal distortion and speed, Grindcore could appear as the ultimate protest genre, but it has lost this essence in its pursue for provocation and extremity. Almost all Grindcore tries to be as gory, shocking and politically incorrect as possible, leading to subgenres with dubious names depending on subject matter such as Pornogrind and Goregrind. Although Grindcore did not originate from (the first wave of) Death Metal, both genres share much resemblance in their sound experimentation and their love for lyrics about pain and have been influencing each other during their respective evolution.
","[""Brutal Truth"",""Carcass"",""Extreme Noise Terror"",""Heresy"",""Napalm Death""]"
10.04.05,"Post-Hardcore, Emo, and Screamo","10.04.05: Rock -> Hardcore -> Post-Hardcore, Emo, and Screamo",1989,"Post-Hardcore can be either a genre on its own or an umbrella term for any “pure” Hardcore-derivative (i.e. without links to Metal). Just like Post-Punk differs from Punk, so does Post-Hardcore differ from Hardcore as a less bursting, less aggressive continuation of the genre (though still more heavy than other Rock genres). Post-Hardcore implements a longer and more complex arrangement, with tempo changes adding a certain alternating dynamic to Hardcore. Besides screaming or grunting, Post-Hardcore also allows “normal” vocals, usually wailing about depressing or introspective thoughts. Similar to Pop Punk or Nu Metal, it is a prime example of so called “Therapy Rock”: music as self-psychology.

Post-Hardcore is dividable into three waves. The first one started in the mid eighties and encloses only a number of avant-garde bands. In the second wave, Post-Punk along with its Dub and Fusion influences further molded Post-Hardcore into a versatile adventurer. The third and most important wave encompasses Screamo and Emocore (or Emo): a poetic, emotional genre with quiet, slower passages and more artistic lyrics. Emo tries to break the ties with Original Hardcore, which was deemed too conservative and uniform. Screamo (a variant of Emo) adds screaming vocals. In the nillies, Screamo gets further detached from Hardcore (towards Metal) and becomes more polished while riffs become more metallic.

Post-Hardcore is still a very large and living genre, with recent yet dubious subgenres, such as “Crabcore”. Mathcore (listed on the Carta as a sibling to Math Rock) is often also regarded as a part of Post-Hardcore.
","[""Against Me!"",""Angel Du$t"",""Cursive"",""Dag Nasty"",""Dashboard Confessional"",""Dreamend"",""Embrace"",""Envy"",""Foxing"",""Fugazi"",""Hüsker Dü"",""Jeromes Dream"",""Jets to Brazil"",""Ladyfinger (ne)"",""Militarie Gun"",""Moss Icon"",""Off Minor"",""Rites of Spring"",""Siberian Mad Dogs"",""Soul Glo"",""Soulside"",""The Faith"",""The Used/My Chemical Romance"",""Turnstile"",""Underneath""]"
10.04.07,Metalcore/NWOAHM,10.04.07: Rock -> Hardcore -> Metalcore/NWOAHM,1999,"In a desperate attempt to prevent Nu Metal from remaining the last chapter in the history of Heavy Metal and to prove that Metal would survive in the 21st century, the ambiguous term NWOAHM (New Wave of American Heavy Metal) was conceived. This was far from necessary, as Metal is perhaps the only super-genre were all different styles are still being practiced and performed intensively. At first, this wave of American bands seemed only unified in their stance against Nu-Metal, but gradually a specific, well-defined genre unfolded, named Metalcore. It must be noted that Metalcore already had a long and experimental history before Nu Metal, emerging shortly after Crossover Thrash, but remaining rather obscure before the mid nineties. Instead of mutually aggravating each other towards the extreme like Grindcore, Metalcore is a balanced mix of Hardcore and (Death) Metal elements, which undoubtedly has led to longer, more complex songs. The song structure and mentality is still Hardcore, but with a slower drum beat and metallic single note guitars. Metalcore is the least emotional type of Hardcore, which has led to the hyperrational, technical Mathcore or Math Metal and Math Rock. Other, lesser known subgenres include Melodic Metalcore, Noisecore, Deathcore, and Nintendocore. Metalcore is a forced marriage between Hardcore Punk and Metal in order to save both genres their legacies, despite mutual differences. Nevertheless, Metalcore’s numerous offspring subgenres prove the healthiness of this marriage in one way or another.  
","[""All Out War"",""Avenged Sevenfold"",""Bullet for My Valentine"",""Chimaira"",""Corrosion of Conformity"",""God Forbid"",""Hatebreed"",""I Am King"",""Killswitch Engage"",""Lamb of God"",""Shadow's Fall"",""Unearth""]"
10.04.08,Synthcore & Crunkcore,10.04.08: Rock -> Hardcore -> Synthcore & Crunkcore,2003,"After more than twenty years, the purity of Hardcore evaporated by adding sequencers and synthesizers on top of its simple, strict Rock instrumentarium. However, Hardcore has always been a genre with a tendency to crossover, whether it’s Punk, Ska, Metal, or Rap. Electronicore or Synthcore (or Trancecore) is Metalcore with contrasting (by default) synth melodies, which makes for some interesting unexpected sounds. Sometimes the singer also uses Autotune, which makes Electronicore sound more poplike and commercial then other Hardcore genres.

Another similar and extreme crossover of Hardcore Punk, evolving around the same time, is Crunkcore (aka Crunk Punk, Screamo-Crunk or Scrunk). Crunkcore is the unexpected fusion of Screamo and Crunk (a form of South Rap). Crunkcore also uses Autotune and influences from EDM (particularly Techno) like Synthcore. Crunkcore has very little Hardcore spirit left: the bottom line of almost every song evolves around a frantic theatrics of “partyin’ down”, as if southern rappers tried to disguise themselves as a fraternity hardcore band at a college party.

The difference between Synthcore and Crunkcore is large but they both represent a type of Hardcore that strays far away from its roots into unknown territory. With Synthcore’s “dangerous” leap towards Electronic music, confusion in the world of genres is at an all-time high, as both (Hardcore) Techno and (Hardcore) Punk spawn different types of “-cores” with identical names (such as Trancecore). However, a fusion is never out of reach; as speed, loudness and discipline tie these outer worlds together.
","[""3OH!3"",""Abandon All Ships"",""Attack Attack!"",""Brokencyde"",""Dropping a Popped Locket"",""Enter Shakari"",""Family Force 5"",""I See Stars"",""The Lonely Island"",""We Butter the Bread with Butter""]"
10.05,Alternative Rock/Indie,10.05: Rock -> Alternative Rock/Indie,null,null,"[""Barcelona"",""Lost Under Heaven""]"
10.05.01,Jangle Pop/Dream Pop,10.05.01: Rock -> Alternative Rock/Indie -> Jangle Pop/Dream Pop,1985,"By the end of the eighties, the power of Hard Rock or the spirit of Punk Rock seemed nowhere to be found. The majority of Rock had become electronic and commercialized (Synthpop). Many Generation X rock artists tried to stay away from the big record companies (the “Majors”) to prevent their music from succumbing to the same fate and turned to smaller, independent labels instead (the “Indies”), where they had the freedom to make what they liked: serious, downbeat rock with heavy, distorted guitar riffs, often dealing about emotional troubles or tragic thoughts. Many important indies (who later became majors) were part of this era: SST, Dischord, and Sire Records. Alternative Rock takes pride in an entirely self-made process through teamwork, college radio support, and peer collaborations. The music consciously partakes in the debate about music industry, with a strong stance against MTV, video clips, compact discs, and a stance pro vinyl and artistic graphic design. To strengthen and justify its own point of view, Indie Rock often uses objectified lyrics instead of a personal perspective.

Early Alternative Rock music was primarily college radio music (thus for and by students), with jangly guitars and a minimal attention to rhythm. Therefore it became known as “Jangle Pop”. Closely related and heavily overlapping with college Jangle Pop was the Paisley Underground movement (named after the artists their retro psy paisley shirts) : a revival of 60s Psychedelic Rock in L.A. with a variety of Rock and Folk influences, fueled by a loathing escape from Glam Metal.
","[""Alvvays"",""Bad Books"",""Blouse"",""Blue J"",""Camper Van Beethoven"",""Cigarettes After Sex"",""Connan Mockasin"",""Crocodiles"",""Django Django"",""Dream Syndicate"",""Dum Dum Girls"",""Green on Red"",""Live"",""Low"",""Mac DeMarco"",""Mac Demarco"",""Mazzy Star"",""Morrissey"",""Nap Eyes"",""Orange Juice"",""Peter Bjorn and John"",""Pixies"",""R.E.M."",""Real Estate"",""Sea Lemon"",""Spirit Award"",""The Clientele"",""The Drums"",""The Rain Parade"",""The Raveonettes"",""The Replacements"",""The Smiths"",""Weyes Blood"",""Widowspeak"",""Yo La Tengo"",""You Said Strange"",""Yuma Abe""]"
10.05.02,Noise Rock,10.05.02: Rock -> Alternative Rock/Indie -> Noise Rock,1986,"Noise Rock started much later than its predecessor No Wave (around 1986-’87) as a small but influential offshoot. In a way, the genre is a sort of missing link between Hardcore Punk and Alternative Rock. Inspired by not only Hardcore’s aggression but also its strict and drug-free lifestyle, Noise Rock deliberately turned its back on the excesses of the final Punk Rock movement. Noise Rock artists liked Punk Rock, but they were repulsed by what it had turned into. Idealism and revolution were replaced by nonchalance and chain tweaking. Based on Proto Punk Rock’s experimentation and No Wave’s nihilistic and destructive mentality, Noise Rock used that aversion to fuel songs of high-octane hate. Unsurprisingly, Noise Rock is extremely atonal/dissonant with massive guitar feedback. This just in case some milliseconds of the song would not be saturated with noise. Riffs are slower than Hardcore Punk, but faster than most Rock and often at low frequency. Singers scream angry lyrics on (or over) the top of their lungs that usually make no sense whatsoever or are highly offensive. The result is a serious contender for the most chaotic of all genres including Grindcore and Black Metal. Besides the US, Japan is a large distributor of Noise Rock (the country’s history of chaotic music is unparalleled worldwide). Noise Rock should not be confused with Noise Pop, which is related but very different and more similar to Dream Pop. Though small and unpopular, Noise Rock was a great influence on later music genres, such as Sludge (thanks to the Melvins) and Grunge.
","[""Angine de Poitrine"",""Big Knife Little Knife"",""Butthole Surfers"",""Chavez"",""Chuquimamani-Condori"",""Cloud Nothings"",""Destruction Unit"",""Dilly Dally"",""Gilla Band"",""Helmet"",""JOHN (TIMESTWO)"",""Kills Birds"",""Lightning Bolt"",""METZ"",""No Trend"",""Ovlov"",""PS I Love You"",""Primus"",""Pussy Galore"",""Silver Dapple"",""Sleigh Bells"",""Sonic Youth"",""The Boredoms"",""The Jesus Lizard"",""The Melvins"",""The Mysterines"",""Tropical Fuck Storm"",""Water From Your Eyes"",""Weaves""]"
10.05.04,Grunge,10.05.04: Rock -> Alternative Rock/Indie -> Grunge,1989,"The focus on glamour and fashion in many eighties’ music formed the catalyst of a fierce anti-movement. Fierce may not exactly be the right word for it. Being the complete opposite of Glam Rock, this so-called “Grunge” (the name is negative slang for horrible noisy rock) was humble and inwards, with sincere songs about tragedy and frustrations. The sound on the other hand was dirty, distorted, lo-fi, vintage and crunchy as if it was composed by accident. Grunge often uses distortion on the amps, creating an even more abrasive sound. Grunge “fashion” reinforces such a notion of nonchalance: blue jeans, woolen lumberjack shirts, and dirty, sleazy long hair.

Grunge’s brief but crowd-gathering music revolution started all in the cold and remote city of Seattle. Typical about the Seattle music scene in the eighties was a high popularity of Classic and Thrash Metal. When emotional Post-Hardcore bands pop up all across the states, the genre gets mixed with Metal and becomes Grunge (it is often said that Grunge is one part Metal one part Hardcore/Rock). Grunge is closely related to the second wave of Alternative Rock, which was an immediate result of it. Within the negative emotional context of Grunge and Alt Rock, resorting to heroin use is not uncommon, further adding to the tragedy. The success of Grunge lies in the strength of a return to the mutual core of Rock and Blues. Something that had been lost along the way: raw, unbridled emotion that seemed so hard to bear that it even distorted the music itself.
","[""4 Non Blondes"",""Alice in Chains"",""Babes in Toyland"",""Baby Animals"",""Boxcar Racer"",""Econoline Crush"",""Eleven w/ Joshua Homme"",""Green River"",""Hole"",""Jimmie's Chicken Shack"",""L7"",""Marcy Playground"",""Mother Love Bone"",""Mudhoney"",""Nirvana"",""Pearl Jam"",""Pearl Jam & Neil Young"",""Screaming Trees"",""Soundgarden"",""Stone Temple Pilots"",""Temple of the Dog"",""The Afghan Whigs"",""The Donnas""]"
10.05.05,Rap Rock/Rapcore/Funk Metal,10.05.05: Rock -> Alternative Rock/Indie -> Rap Rock/Rapcore/Funk Metal,1990,"The combination of Rock and Rap found its origin in the eighties, with the desire of Run DMC’s producers to reach a bigger audience and restyle Aerosmith’s “Walk This Way” into a Rap Song. But at the start of the nineties, a real genre emerges: Hard Alternative, Rap Rock, Rapcore, or Funk Metal. Strictly speaking, these are all different genres but so closely related, it’s pointless to separate them. In short, they are heavier, faster types of Alternative Rock, with strong influences from (classic East Coast) Rap music, sharing the same ferocity and anti-commercial mindset. One must not forget after all, that Rap was still “fresh” in 1990 (especially in Europe) even though it was already sixteen years old. As a result, artists were eager to infuse Rap in contrasting genres such as Acid House and Hardcore/Alt Rock.

The lyrics are fast, in a raplike way (or even true raps), and the music is more rhythmical than other types of Rock. Both Rock and Rap artists crossed over to each other’s side, but unfortunately the genre didn’t break through in mainstream charts. Even the conceptual “Judgement Day” soundtrack - an experiment of teaming up harder Rock bands with aggressive Rap bands – failed to meet the (high) sale expectations.

Sometimes Rap Rock crosses over into anything remotely raplike, such as Funk (called Funk Metal, though it is barely Metal at all), Breakbeat, or even Reggae/Ragga. Rapcore (Hardcore + Rap) gradually became harder, more experimental and mixed with Metal, evolving into Nu-Metal or Rap Metal.
","[""311"",""AWOLNATION"",""Biohazard & Onyx"",""Bloodhound Gang"",""Clawfinger"",""Dog Eat Dog"",""Faith No More"",""Jane's Addiction"",""Kid Rock"",""LINKIN PARK"",""Limp Bizkit"",""Linkin Park"",""Living Colour"",""Phunk Junkeez"",""Rage Against the Machine"",""Red Hot Chili Peppers"",""Street Sweeper"",""Transplants"",""Urban Dance Squad""]"
10.05.09,Britpop,10.05.09: Rock -> Alternative Rock/Indie -> Britpop,1994,"If every reaction has a “re-reaction”, then Britpop is the re-reaction to Grunge (since Grunge was a reaction itself against Glam Metal). Enough with all the feeble, depressing sorrow and back to glamorous Rock! This soft but catchy kind of Pop is sometimes credited as the least original genre of the nineties. On an auditory level there is indeed not much shocking: a clear wink to British (of course) Mersey Beat but roughened up by the presence of Indie Rock, with sometimes synthesizers and electronic effects to cast a certain glam mood. What makes the genre so well-known, popular and clearly defined is not its sound then, but the Rock ‘n’ Roll mentality of it: the cocky attitude of British frontmen determined to conquer the stage, steal the show and awe the masses. There is a reason for such attitude: many British bands were fed up with the overall dominance of American Rock bands in the British hit charts of the early nineties (mostly due to Grunge). As such they created a strong anti-American music genre, with a very narrow range of influences (all British). Of course, the sound, vocals and song structure are all means to this end. Which explains why Britpop is same meat, different gravy, but very attractive.
","[""Ball Park Music"",""Basement"",""Blur"",""Cast"",""Caviar"",""Del Amitri"",""Dodgy"",""Elastica"",""Elbow"",""Franz Ferdinand"",""Gorillaz"",""Mansun"",""Oasis"",""Ocean Color Scene"",""Pulp"",""Suede"",""Supergrass"",""The Beautiful South"",""Travis""]"
10.05.10,Post-Grunge Alt Rock,10.05.10: Rock -> Alternative Rock/Indie -> Post-Grunge Alt Rock,1995,"In the mid-nineties Grunge was barely a shadow of its former self. Its demise had not been in vain however. Many new Rock bands filled the hole that Grunge left and were especially influenced by its tragic, introspective, sentimental lyrics. Post-Grunge elaborated further on this theme but also took a step away from Grunge’s heavy distortion, chaos and roughness. The result was a slicker, more polished sound with a clear song structure that turned out to be a commercial success. Post-Grunge became so popular that it stayed in the mainstream much longer than other “Alternative” Rock (though no surprise as its newest genre), against the will of various opponents. These antagonists claimed that Post-Grunge was merely a commercial imitation of something genious and that it should be clearly separated from the original (leading to its name). On the other hand, the fans saw it as the culmination of Rock where finally a perfect balance of roughness versus slickness was found.
","[""3 Doors Down"",""A Perfect Circle"",""Aimee Mann"",""Alanis Morissette"",""Angels & Airwaves"",""Arcade Fire"",""Arctic Monkeys"",""Banda los Lagos/Better Than Ezra"",""Barenaked Ladies"",""Beck"",""Becky G and Peso Pluma"",""Beths"",""Better Than Ezra"",""Better Than Ezra/DJ Swamp"",""Better Than Ezra/Toddy"",""Big Thief"",""Björk"",""Bleachers"",""Blitzen Trapper"",""Bloc Party"",""Blue October"",""Blues Traveler"",""Breaking Benjamin"",""Bush"",""Cage The Elephant"",""Cage The Elephant feat. Alison Mosshart"",""Cage the Elephant"",""Cage the Elephant & Beck"",""Cake"",""Cat Power"",""Christophe Beck & Mark Kilian"",""Coldplay"",""Constantine M."",""Cookie & The Cupcakes"",""Coral Grief"",""Counting Crows"",""Cowboy Mouth"",""Creed"",""Creeper Lagoon"",""Dada"",""Daniele Luppi & Parquet Courts"",""Death Cab For Cutie"",""Death Cab for Cutie"",""Death From Above 1979"",""Deep Sea Diver"",""Dehd"",""Dido"",""Eels"",""Everclear"",""Feeder"",""Foo Fighters"",""Future Islands"",""Garbage"",""Geese"",""Gin Blossoms"",""Green Day"",""Green Day & U2"",""HAIM"",""HIM"",""Haim"",""IDLES"",""IDLES & LCD Soundsystem"",""Ida Maria"",""Imagine Dragons"",""Ingram Hill"",""Jed Leiber / Jeff Beck"",""KT Tunstall"",""Keller Williams & The Keels"",""Letters to Cleo"",""Lisa Loeb"",""Lit"",""Low Cut Connie"",""Modest Mouse"",""Måneskin"",""Nickelback"",""PJ Harvey"",""Panic! At The Disco"",""Panic! at the Disco"",""Parquet Courts"",""Peabody"",""Pete Yorn"",""Phoenix"",""Presidents of the United States of America"",""Radiohead"",""Rainbow Kitten Surprise"",""Remy Zero"",""Robin Beck"",""SAULT"",""Sarah McLachlan"",""Sault"",""Seether"",""Sheryl Crow"",""Shinedown"",""Silversun Pickups"",""Slothrust"",""Slothrust & Lzzy Hale"",""Soul Asylum"",""Spin Doctors"",""Sponge"",""Spoon"",""Stained"",""TV On The Radio"",""TV On the Radio"",""TV on the Radio"",""Tacocat"",""Ted Leo"",""Tenacious D"",""The Airborne Toxic Event"",""The Amps"",""The Benjy Davis Project"",""The Beths"",""The Flaming Lips"",""The Growlers"",""The Hives & Cyndi Lauper"",""The Killers"",""The Kooks"",""The Rakes"",""The Red Jumpsuit Apparatus"",""The Sheila Divine"",""The Shins"",""The Smashing Pumpkins"",""The Toadies"",""The Vaccines"",""The Working Title"",""They Might Be Giants"",""Ty Segall"",""U2"",""Viagra Boys"",""Waxahatchee"",""Weezer"",""Yeah Yeah Yeahs"",""Ziyad Al-Samman""]"
10.05.11,Contemporary Southern Rock,10.05.11: Rock -> Alternative Rock/Indie -> Contemporary Southern Rock,null,"There's a modern group of artists who mix the sensabilities of Contemporary Alt/Garage Rock with aspects of Classic Southern Rock.
","[""Alabama Shakes"",""Brittany Howard"",""Dexter and The Moonrocks"",""Edward Sharpe & The Magnetic Zeros"",""Edwin Sharpe and the Magnetic Zeros"",""Elle King"",""Kings of Leon"",""The Weeks""]"
10.05.12,Jam Bands,10.05.12: Rock -> Alternative Rock/Indie -> Jam Bands,null,"Artists known especially for long, live sets, improvisation, and shows that vary widly from day to day.
","[""Dave Matthews & Tim Reynolds"",""Dave Matthews Band"",""Dispatch"",""Farm Dogs"",""G. Love And Special Sauce"",""My Morning Jacket"",""O.A.R."",""Phish"",""The Grateful Dead"",""Widespread Panic""]"
10.05.13,Folk Rock/Alt Country,10.05.13: Rock -> Alternative Rock/Indie -> Folk Rock/Alt Country,2008,"Although this genre is obviously a form of Folk music, a large and welcoming familiarity within Rock/Pop circles combined with a heavy influence from popular music justifies its presence on the map. In fact, Freakfolk is so eclectic that it cannot belong to only one super-genre and is sometimes called Free Folk. As a subgenre of Indie Folk (which is any combination of Alternative/Contemporary Rock and Folk) it started off rather slowly around 2003. Psychedelic Folk Rock Bands such as The Incredible String Band, Holy Modal Rounders and Comus inspired diverse artists into a new, hypnotic and druggy kind of Folk. Modal based structure (like Modal Jazz) and multi-layering of freaky sounds with the most unusual instruments are the primary contributors to its experimental nature. It’s hard to put a common denominator on Freakfolk’s sound, which is exactly why it’s called that way or by its synonym: New Weird America.

Indie Folk's history can be traced back to the nineties, when Alternative Rock bands revive Folk once more. But it wasn’t until the arrival of certain promiscuous Electropop singles and later Moombahton and derivatives that both Indie Folk and Freakfolk really build up momentum. This youth-oriented, twerk-friendly, hyperactive and formulaic music pushed Freakfolk and Indie Folk even more in the opposite direction, and created an incentive for more mature, honorable and unpredictable music. The latest forms of Indie Folk (which have become highly popular, like e.g. Mumford & Sons) are also known as Nu-Folk.
","[""AdriAnne Lenker"",""Adrianne Lenker"",""Aldous Harding"",""Allison Moorer"",""Amos Lee"",""Amy Lee / Nicole Yarling"",""Andre Ethier"",""Angela Autumn"",""Angus & Julia Stone"",""Another Michael"",""Antigone Rising"",""Ariel Sharratt & Mathias Kom (The Burning Hell)"",""Arlo Parks"",""Arthur Russell"",""Avec pas d'casque"",""Avril Lavigne"",""Bare Jr."",""Basia Bulat"",""Bear's Den"",""Ben Harper"",""Ben Harper And Relentless7"",""Ben Harper and the Innocent Criminals"",""Ben Schultz Band"",""Better Oblivion Community Center"",""Bill Callahan"",""Black Prairie"",""Bon Iver"",""Bonnie 'Prince' Billy"",""Boy & Bear"",""Brandi Carlile"",""Brandi Carlile & Emmylou Harris"",""Bright Eyes"",""Bry Webb"",""CMAT"",""Caamp"",""Caitlin Rose"",""Caroline"",""Cass McCombs"",""Charalambides"",""Charlotte Cornfield"",""Chris Staples"",""CocoRosie"",""Cowboy Junkies"",""Craig Finn"",""Damien Jurado"",""Dawes"",""Devendra Banhart"",""Doug Paisley"",""Drive-By Truckers"",""Emmylou Harris"",""Eric Chenaux"",""Evan J Cartwright"",""Fionn Regan"",""First Aid Kit"",""Fleet Foxes"",""Frankie Cosmos"",""Fresh Pepper"",""Frog Eyes"",""Georgia Ruth"",""Gillian Welch"",""Golden Smog"",""Grizzly Bear"",""HAIR & BEAUTY"",""Haley Heynderickx and Max Garcia Conover"",""Have Gun Will Travel"",""Heartless Bastards"",""Hiss Golden Messenger"",""Houndmouth"",""Hurray For the Riff Raff"",""Hurray for the Riff Raff"",""Iron & Wine"",""Jack Johnson"",""James Irwin"",""Jeff Tweedy"",""Jennifer Castle"",""Jesse Sykes & The Sweet Hereafter"",""Jesse Welles"",""Jessie Jones"",""Jim James"",""Joanna Newson"",""John Denver"",""John Fohl"",""Jolie Holland"",""Joshua Burnside"",""Julien Baker & TORRES"",""Kasey Chambers"",""Kathleen Edwards"",""Katy J Pearson & Maudlin"",""Kerosene Brothers"",""Kurt Vile"",""Lady Lamb"",""Lambchop"",""Langhorne Slim & The Law"",""Laura Marling"",""Leif Vollebekk"",""Leith Ross"",""Leo Kottke"",""Li'l Andy"",""Lipbone Redding"",""Lord Huron"",""Lord Huron & Allison Ponthier"",""Los Lobos"",""Lucinda Williams"",""Lucy Dacus"",""Luke Temple"",""Lydia Loveless"",""Lyle Lovett"",""MJ Lenderman"",""Mapache"",""Margot and the Nuclear So & So's"",""Mark Knopfler & Emmylou Harris"",""Matt Berninger"",""Matt Berninger & Hand Habits"",""Matt Berninger & Ronboy"",""Medium Build"",""Meeting of Important People"",""Messages From Angels"",""Mia Doi Todd"",""Michael Reno Harrell"",""Mindy Smith"",""Molly Sarlé"",""Mt. Joy"",""Mumford & Sons"",""Myshkin"",""Nabihah Iqbal"",""Nace Brothers"",""Natalie Merchant"",""Neko Case"",""Neutral Milk Hotel"",""Nicholas Krgovich"",""Noah Kahan"",""Noah and the Whale"",""Of Monsters And Men"",""Old 97'S"",""Old Fire"",""P.M."",""Palace"",""Pinegrove"",""Puss N Boots"",""Ray LaMontagne"",""Ryan Davis & the Roadhouse Band"",""S.G. Goodman"",""Scott Orr"",""Seabear"",""Shakey Graves"",""Shovels & Rope"",""Son Volt"",""Strand of Oaks"",""Sun Kil Moon"",""The Avett Brothers"",""The Barr Brothers"",""The Bones of J.R. Jones"",""The Clumsy Lovers"",""The Corrs"",""The Cranberries"",""The Decemberists"",""The Dutchess & The Duke"",""The Handsome Family"",""The Head And The Heart"",""The Head and the Heart"",""The Highwomen"",""The Jayhawks"",""The Lumineers"",""The Mavericks"",""The Mountain Goats"",""The New Basement Tapes"",""The Secret Sisters & Ray LaMontagne"",""The Strumbellas"",""The Tallest Man on Earth"",""The Waterboys"",""The Weather Station"",""The White Buffalo"",""This Is The Kit"",""This Is the Kit"",""Tim Baker"",""Uncle Tupelo"",""Valerie June"",""Violent Femmes"",""Wednesday"",""Westside Cowboy"",""Whiskeytown"",""Wilco"",""Wood Andrews"",""Zach Bryan"",""Zach Bryan & Noeline Hofmann"",""caroline"",""two white cranes""]"
10.05.14,Contemporary Blues Rock,10.05.14: Rock -> Alternative Rock/Indie -> Contemporary Blues Rock,2008,,"[""All Them Witches"",""Black Joe Lewis"",""Black Joe Lewis & The Honeybears"",""Chris Rea"",""Fantastic Negrito"",""Gary Clark Jr"",""Gary Clark Jr."",""Gary Moore"",""Greta Van Fleet"",""Monkeyjunk"",""Nathaniel Rateliff & The Night Sweats"",""Roy Buchanan"",""The Black Keys"",""ZZ Ward""]"
10.05.15,New Progressive and Math Rock,10.05.15: Rock -> Alternative Rock/Indie -> New Progressive and Math Rock,2005,"Progressive Rock is a large and durable family of music often divided into several subgenres. One of these for example, is Neo-Prog(ressive Rock). During the eighties, a second wave of artists further experimented with modern technology and often into more symphonic or classical directions. Though over the course of time, Progressive Rock lost that edge over other genres as eclecticism, electronic influences and experimentation in general became more and more basic tools of any Rock band in order to bring something new and exciting to the table. Only a select number of bands could attain the label “Progressive”.

Several decades after Neo-Prog’s creation, New Prog arrives (also labeled Post-Prog or Nu Prog). In a way, New Prog(ressive) is like Prog Metal: a means to classify recent Rock bands that are hard to categorize, but who share a love for original Progressive Rock while staying underground. From the mid nillies onwards, there has been a rise in eclectic bands with a natural talent towards experimentation and high contrast unfrequently used in other genres. This Post-Prog wave differs from the original Prog Rock by an affinity for newer, heavier genres (especially the sharp ones, such as Punk, Hardcore, and Speed Metal). This makes Nu Prog no more eclectic than other Contemporary Rock genres such as Dance-Punk or Chillwave, but it places it at the other side of the spectrum: away from Pop and House. What we have here then is a sort of Post Rock-meets-Metalcore genre; a crisp and clean combination of soft and hard song parts that naturally can cross over to Math Rock.
","[""Ahleuchatistas"",""Coheed & Cambria"",""Good Tiger"",""Kayo Dot"",""King Gizard and the Lizard Wizard"",""Kiran Leonard"",""Klangstof"",""MUTEMATH"",""Menomena"",""Mystery Jets"",""Ozric Tentacles"",""Porcupine Tree"",""The Mars Volta"",""The Smile"",""Thee Oh Sees"",""YHWH Nailgun""]"
11,Metal,11: Metal,null,"Although for most people Heavy Metal is (correctly) a harder and faster type of Rock, the genre is actually a continuation of “the Devil’s music”: Blues. After Metal’s experimental phase during the seventies (read more at Classic Metal), it lost a lot of its Blues influences and evolved rapidly into a variety of different styles. Two aspects of Blues have always remained however: lyrics about sorrow, nihilism, pain, tragedy, and a more concealed subtext revolving the Devil (though for Blues this was more a reputation than an actual theme). Heavy Metal expanded on these aspects in an obsessive manner. Death, destruction, corpses, zombies, Satan, pentagrams, evil themes, lots of black, torture, sharp and gothic artwork, and a hand symbol that both resembles the Devil’s horns and the letter “M”. These are the main elements of stereotypical Metal artwork/culture that have become so dominant that anything else is almost an exception to the rule. The visual language of Metal – a symbolism of anything dark or evil – transcends into corresponding fashion: black T-shirts with Metal artwork, black leather, wristbands with sharp pins, long sleazy hair, black jeans and of course: metal.

The term “Heavy Metal” describes well the two cornerstone aspects of the genre. It is heavy due to more amplification and distortion than Rock and it is also very “metallic”, meaning technical/rational. Heavy Metal is an overcharged engineer among genres, with highly technical unique elements such as blast beats, double bass drums, 12 string bass, lightning guitar solos and difficult voice techniques (grunting, falsetto, opera, screeching, etc.). Heavy Metal songs are usually longer than Rock songs, with more elaborate and diverse song structures. Without a radio friendly format, Metal has stayed clear from mainstream attention, although the genre is internationally well-known and connects fans across the most diverse of countries. Riffs are even more important than in Rock, and form the foundation around which many Metal songs are built. Many Metal riffs, especially early ones, make use of the Tritone: a musical dissonant interval of three whole tones that conveys a sense of restlessness. As such, the Tritone used to be associated with the Devil (Tritonus Diabolus in Musica Est) since the 18th century. What makes Metal appealing as well is a strong tendency for the theatrical. Metal likes to be bombastic to fortify its message (often of doom or evil), whether by classical elements, synth elements, more instrumentation, instrumental intermezzos, or elaborate intros.

“Heavy Metal” as a phrase can be traced back to Steppenwolf’s famous Hard Rock single “Born to be Wild”, in which the line “Heavy Metal Thunder” is mentioned: a quote from William S. Burrough’s book “Naked Lunch”. After all, Heavy Metal and Hard Rock were more or less the same in the early stages of the genre.

Heavy Metal is extremely popular within nerd culture. This is no coincidence: Metal is music for the analytical mind; it does not simply present itself but challenges the listener to carefully dissect the overload of mid- and low-frequency aural information. In order to absorb all of the music, Metal urges to re-listen at high volume. Because nerd culture has taken an interest in Metal, it has become one of the most defined, examined and structured super-genres, with a strong hierarchical genealogy and copious (over 50) subgenres, sometimes bordering on the ludicrous. Christian Black Metal, Pirate Metal and Viking Metal are such examples. It is only a matter of time before Ninja Metal gets invented, but until then, there is already plenty to explore within one of the healthiest super-genres and with one of the most loyal fan bases. Metal has considerable overlapping with Hardcore Punk, as both genres share a love for speed and heavy guitar music. Grunge is sometimes regarded as a part of Metal as well, but this has led to a backlash of German Metal fans, who swear only by so called “True Metal”: Metal without Grunge or other crossovers.

Although Metal culture is (just like Hardcore Punk) largely drug-free, the average alcohol consumption tends to be much higher than within any other music culture and certain genres (Folk Metal or Viking Metal) are conceived as the perfect music to be very, very drunk to. Combined with the special Metal “dance” of head-banging, Metal is far from an introvert genre – it’s meant to bring down the house.
",null
11.01,Classic Metal,11.01: Metal -> Classic Metal,1970,"Heavy Metal used to be an interchangeable term with Hard Rock in the late sixties. The earliest examples of the genre - Classic (Heavy) Metal - are often cited as Hard Rock examples and vice versa. As such, Classic Metal is a loosely defined genre: simply “Harder-than-Hard Rock”, mainly by means of more amplification and distortion. However, two British bands marked a turning point after which the schism with Rock was a fact: Black Sabbath and Led Zeppelin.

The shocking tragedy of four deaths and excessive violence at the Altamont Festival in 1969 marked the end of the flower power age, a temporary exile of the Rolling Stones and most importantly: a loss of belief in the hippy utopia. Rock couldn’t make the world a better place and everyone had witnessed the dark side of human nature: deep down inside man is evil. The first band to be influenced by this event was Led Zeppelin. Described at the time as Rock music being dark, heavy and gloomy, it was almost impossible to listen to. Black Sabbath developed an even slower, tuned-down sound, yet also full of distortion, with thick and heavy riffs. In their later work they also experimented with tempo and different instrumentation. Both bands feature lengthy songs, with elaborate guitar solos, while often referring to satanic or dark themes.

These early blueprints inspired Blues Rock and Acid Rock artists into a similar sound and style, yet over the course of time Blues influences became replaced by a pure metallic sound.
","[""Black Sabbath"",""Blue Cheer"",""Blue Öyster Cult"",""Budgie"",""Deep Purple"",""Judas Priest"",""Led Zeppelin"",""Mountain"",""Ozzy Osbourne"",""UFO"",""Uriah Heep""]"
11.02,Progressive Metal,11.02: Metal -> Progressive Metal,1974,"A few Heavy Metal bands (eventually more and more) could not be classified within any existing genre. The metal community, more obsessed with genres and classification than any other music community, came up with progressive metal or Prog Metal. Yet it would be too easy to discard Progressive Metal as a residual non-genre. In the footsteps of Progressive Rock, Prog Metal bands experiment with long, elaborately structured songs and adding classical or exotic elements. They thrive to make Metal sound more intense, crisp and clean, yet unpredictable and non-formal. By doing so, Prog Metal also sounds somewhat less heavy and thus gained less appeal. Most Progressive Metal uses more sound layers or tracks than other Metal genres, accompanied by a steady rhythm. Prog Metal sounds like the delicate middle ground between Power Metal, Gothic Metal, and Thrash Metal. In this quest for metallic perfection, only a tiny handful of bands became known. The others remained shrouded in obscurity that they probably embraced.

In recent years, Math Metal has given birth to one of the newest and most peculiar of Progressive Metal subgenres: Djent. Djent is a Swedish Prog Metal subgenre based around a special technique of guitar strokes that sound like the word “Djent”. The term Prog Metal became also somewhat outdated in the 21st century, and thus the latest wave of experimental Metal artists became known as Post-Metal.
","[""Dream Theater"",""Evergrey"",""Fates Warning"",""Meshuggah"",""Pain of Salvation"",""Queensrÿche"",""Symphony X"",""Threshold"",""Tool""]"
11.03,Power Metal,11.03: Metal -> Power Metal,1977,"Power Metal is a lesser known but properly defined kind of Heavy Metal that started in the seventies (particularly in Germany) and still has a dedicated fanbase today. Power Metal is not really heavy; first and foremost it’s high and fast. The lyrics often tell fictional fantasy tales about warriors, knights, dragons and whatnot and are almost always sung in a high pitched male voice. Furthermore the music is filled with melodies and drum rolls, building up and breaking down, like a rollercoaster ride filled with energy and enthusiasm. The difference between the speedy and guitar solo-oriented types of Classic Metal (of which Power Metal evolved, like e.g. early Van Halen) and Power Metal is that the latter seems to constantly maintain its high velocity and even higher frequency, as if it’s being overcharged with electricity. Power Metal is a genre that never really influenced other genres or evolved in another one. As such it remained a long-lasting parallel Metal stream, though easily eclipsed by the bigger Metal genres.
","[""Blind Guardian"",""Dragonforce"",""Gamma Ray"",""Halloween"",""Hammerfall"",""Iced Earth"",""Kamelot"",""Manowar"",""Metal Church"",""Savatage""]"
11.04,Glam Metal/Hair Metal/Pop Metal,11.04: Metal -> Glam Metal/Hair Metal/Pop Metal,1977,"By the end of the seventies, the concept of Glam Rock got transferred to the world of Metal. Glam Metal went a few steps further though. Where Glam Rock tried to be mysterious and excentric, Glam Metal embraced the medium of television like a window for voyeurs. Long haired male bands (nothing new, but was a first for TV, hence the name Hair Metal) made commercial Metal songs with poplike feelgood tunes, to guarantee themselves some air time. Glam Metal was one of the few music genres that got played a lot during the first years of MTV, which further expanded the fame of these artists. Unfortunately this air (and concert) time was not used to promote the music but rather the private parts of the band. More often than not, Glam or Pop Metal is about sex or at the very least about macho and hedonistic themes. Initial protest was minimal though, as it was hard to take a band in black leather and excessive make-up seriously, plus it didn’t hurt the ratings either. Almost all famous Glam Metal bands were based in Los Angeles, where a glam subculture of stardom allures promiscuity and heroin abuse, paving the surface of Sunset Boulevard.  
","[""Alice Cooper"",""Def Leppard"",""Europe"",""Guns 'n' Roses"",""Guns N' Roses"",""Jon Bon Jovi"",""Kiss"",""Mötley Crue"",""Poison"",""Ratt"",""The Scorpions"",""Twisted Sister"",""Van Halen"",""W.A.S.P.""]"
11.05,New Wave of British Heavy Metal,11.05: Metal -> New Wave of British Heavy Metal,1979,"When Heavy Metal was picked up in the UK, a lot of young bands were eager to make raw, energetic, revolutionary music on their own. On the one hand driven by a contempt for the popularity of Glam/Pop Metal’s commercialism, on the other hand by an urge to keep the British Punk legacy alive. These young bands gathered in garages and quickly formed a massive counterreaction to Glam Metal. By being (a lot) faster, louder, and tougher and with lyrics becoming more pessimistic and aggressive, they transformed Classic Metal into the New Wave of British Heavy Metal (NWOBHM) (although “Garage Metal” would also be a more suitable and descriptive name). The NWOBHM reinvented earlier Classic Metal and Hard Rock bands into a more metallic and edgier sound, and hereby shaping Heavy Metal into the characteristic sound it is most affiliated with. British Metal musicians molded Heavy Metal into the genre most people know, by showing off with bullet-speed riffs, screaming solos, and high-pitched vocals (though still lower than Power Metal).

After its arrival on US soil, the NWOBHM changed into Thrash Metal, while many UK based bands kept performing and stayed more or less true to their sound. The NWOBHM was a lot more swinging and sometimes even “poppy”, compared to later Thrash Metal.
","[""Angel Witch"",""Blitzkrieg"",""Diamond Head"",""Girlschool"",""Iron Maiden"",""Motörhead"",""Praying Mantis"",""Raven"",""Saxon"",""Tygers of Pan Tang""]"
11.06,Thrash Metal,11.06: Metal -> Thrash Metal,1982,"What the NWOBHM did to Classic Metal, Thrash Metal did to the NWOBHM. American bands became hugely influenced by their British predecessors and decided to take it up another notch: the music became even faster and more drum and bass heavy (often involving a drum kit with two bass drums). Glam/Pop Metal made Metal too commercial and lighthearted. Thrash Metal was the answer. Besides aggressive, low-frequency riffs (which are sometimes fittingly described as “shredding”), hyperactive scales and arpeggios and prominent thrashing drum work are the most recognizable features of Thrash Metal. The overall song length also increases compared to NWOBHM, adding more complex song structures to the music. The genre quickly stood out amongst other Metal styles and soon a number of bands rose to international fame, known as the “Big Four of Thrash Metal”. These Bands - Metallica, Slayer, Megadeth, and Anthrax - helped spread Metal throughout the globe, from Japan to Brazil. Thrash Metal also displays a less friendly form of lyrical content. With nihilistic lyrics, often about anti-establishment, justice or war, Metal bands use just about anything to enforce a theatrical vocabulary. But like almost all Heavy Metal the message is rather cryptic than truly political. By the nineties, Thrash Metal’s popularity faded and a new subgenre “Groove Metal” (aka Groove Rock) came in to light. Groove Metal or Rock focused more on a rhythmic groove than simply bass. Yet Thrash Metal is still among the most widely known Metal genres and like any golden age, never truly dead.
","[""Anthrax"",""Destruction"",""Exodus"",""Kreator"",""Machine Head"",""Megadeath"",""Megadeth"",""Metallica"",""Pantera"",""Sacred Reich"",""Sepultura"",""Slayer"",""Sodom"",""Testament""]"
11.07,Early Black Metal & Speed Metal,11.07: Metal -> Early Black Metal & Speed Metal,1982,"The term Extreme Metal is rarely being used, as it is not a genre on its own, but a combination of two obscure but important genres: (early) Black Metal and (true) Speed Metal.

With the explosion of British and Thrash Metal in the early eighties, some bands realized the extreme potential Metal had to offer. Two similar genres became the product of experiments with Metal outside the regular comfort zone. A small number of these bands created dark, evil, atmospheric Metal (early Black), while others turned the energy and tempo of Thrash even higher, forging Speed Metal. Sometimes the term Speed Metal is reserved for early Thrash Metal, forming a sort of proto genre, or simply as a synonym for Thrash. In the strictest sense, Speed Metal is faster, and more melodic than Thrash. Lead guitarists display extreme craftsmanship in extensive virtuoso solos, playing ever more rapid than before.

Nevertheless, the first wave of Black Metal is barely slower than Speed Metal. Pioneering band Venom and their debut album that immediately named the genre, laid out Black Metal’s foundations: distortion, noise, feedback, chaos, shrilling/high-pitch sounds, velocity and satanic themes: a succubus screaming in agony. Black Metal marked a pivotal moment in Metal history. Now it was time to make truly evil music, and no longer just pretend to do so.
","[""Accept"",""Annihilator"",""Anvil"",""Bathory"",""Celtic Frost"",""Exciter"",""Hellhammer"",""Mercyful Fate"",""Morbid"",""Slayer"",""Venom""]"
11.09,Doom Metal,11.09: Metal -> Doom Metal,1984,"Classic Metal band Black Sabbath laid at an early stage (with some of their slower, more ominous songs) the foundations for a lesser known but influential Metal genre: Doom Metal. The utter despair found in their music (and which can also be heard in Gothic Rock) forms the key ingredient of Doom Metal. This is a genre that sounds the way one would expect: hopeless, lethargic and bombastic. Doom Metal often deals about the occult, whether in band names, track titles, imagery or lyrical content. The lyrics are often slightly howled, sometimes with echo, which remind again of Black Sabbath. It’s the slowest form of Metal, and one that came around at a time when Metal only seemed to want to go faster and faster (Speed Metal). A number of bands felt the urge to provide some sort of counterbalance. The lower tempo of Doom Metal leaves lots of room for silence between the ultraheavy sluggish riffs. Not all songs by Doom Metal bands are strictly Doom, some are quite fast and simply Heavy Metal, which would influence Stoner/Sludge Metal bands, as the only alternative approach for non-hyperactive artists. Alongside this evolution, Doom would also crossover with other styles resulting in a lot of different subgenres, such as Atmospheric Doom, Funeral Doom, Doom/Death and Dronemetal or Dronedoom. Modern Doom Metal also experiments with electronic techniques, often found in Ambient and Industrial music, which enhance its droning properties.
","[""Candlemass"",""Cathedral"",""Electric Wizard"",""My Dying Bride"",""Pentagram"",""Saint Vitus"",""The Obsessed"",""Trouble"",""Witchfinder General""]"
11.10,Death Metal,11.10: Metal -> Death Metal,1986,"Death Metal can be seen as the leading force in contemporary Metal. It has little to do with death (though the topic isn’t avoided), as it sounds more alive than anything else. In form it is similar to Thrash Metal but heavier, deeper, and with updated distortions/effects. Accompanied by extremely deep growling vocals (grunts), it is downright brutal and performed as if the artists are trying to shrug off intense pain. Being a vast genre with multiple subgenres, it would almost be appropriate to call it mainstream modern Metal. Many artists would disagree though, as one of its tendencies is to always push the boundaries (shifting away from “popular“ approval) and becoming even harder, faster, stronger, and more reckless.

The first (US) wave of Death Metal in the late eighties, was an even faster continuation of Thrash Metal. Because guitar velocity had become so high, Metal drummers developed a special hyper fast drum technique, called “blast beats”. This wave was very rough, unpolished, and with little melody – almost a feral form of Metal, which later strongly influenced Grindcore during its development.

The second (EU) wave of Death Metal aka Melodic Death Metal happened in the nineties and particularly in Sweden, which is why it’s sometimes referred to as (the New Wave of) Swedish Death Metal (NWOSDM). The second wave is a lot more melodic than the first one, with more synth influences and different (sometimes instrumental) passages throughout the music.

Apart from (and overlapping with) these two large waves, Death Metal has numerous subgenres, indicating the versatility and popularity of the genre. The most important ones are the self-explanatory Brutal Death and Tech(nical) Death, alongside crossovers such as Death Doom and Deathcore.
","[""Arch Enemy"",""At the Gates"",""Cannibal Corpse"",""Children of Bodom"",""Dark Tranquillity"",""Death"",""Deicide"",""In Flames"",""Morbid Angel"",""Obituary"",""Possessed"",""Soilwork""]"
11.11,Stoner Metal/Rock & Sludge Metal,11.11: Metal -> Stoner Metal/Rock & Sludge Metal,1989,"When Space Rock (a more Metal oriented continuation of Psychedelic Rock) encountered the slow, marching, and almost hypnotizing rhythm of Doom Metal, a match was made in heaven: Stoner Metal. Stoner Rock or Metal received large appeal from sedative and hallucinogenic drug users, which explains its name. Influenced by (psychedelic) drugs, this kind of Heavy Metal featured heavy sluggish riffs and a lot of distortion and (spacey) sound effects. Stoner songs are longer than usual with repetitive melodic outros (like a sort of Trance Metal).

In the mid-eighties, Stoner blends with more energetic and louder genres, such as Hardcore Punk and Grunge. The result is a very thick and psychedelic but also fast and technical sound: a sludge of heavy guitar music, which kept gaining popularity until this day: Sludge Metal. Both Stoner and Sludge Metal’s characteristics make these genres the most Rock-like types of Metal, which is why they’re also called “Rock” or simply Sludge and Stoner to avoid any conflict. Sludge is the latest development in a separate strain of drug-influenced and psychedelic Heavy Metal: Acid Rock & Classic Metal → Space Rock → Doom Metal → Stoner Metal → Sludge Metal.

Many Stoner or Sludge Metal songs are also recognizable by their slow-motion soundwall of interwoven distorted guitar riffs, sounding as if the apocalyptic revelation of an evil god is near.
","[""BIG|BRAVE"",""Baroness"",""Bongzilla"",""Crowbar"",""Eyehategod"",""Kylesa"",""Kyuss"",""Mastodon"",""Monster Magnet"",""Orange Goblin"",""Spirit Caravan""]"
11.12,Symphonic Metal & Gothic Metal,11.12: Metal -> Symphonic Metal & Gothic Metal,1990,"Eventually the melancholic, haunting sounds of Gothic Rock found their way to heavy metal (Doom Metal has more in common with Classic Metal than Gothic Rock). The energy and wildness of other Metal was incompatible with Goth, but the much slower, darker Doom / Stoner Metal was almost proto Gothic Metal. True Gothic Metal is only a very small genre though, because the combination of Metal and Gothic is a precariously balanced one, quickly turning into Darkwave or something not Gothic. A more stable and durable genre was achieved by trading the synth sound for classical music (Symphonic Metal) with professional singers (sopranos, tenors…). The outcome is chaotic, romantic and mesmerizing Metal, but with a dark, despairing and brutal undertone (Doom meets Death) which made it appropriate to be also called Gothic Metal. Therefore it is advisable not to separate these genres as they share too much overlapping. Gothic Metal is known for the use of female band leaders/vocalists which makes the genre arguably the least macho of all Metal genres. With melancholic or poetic themes, usually embedded in an extremely escapist fantasy world of angels, elves and crystalline beauty, Gothic Metal could come straight out of The Lord of the Rings or a mythical role playing computer game. Heavy Metal has a number of very popular subgenres related to Gothic Metal, which also dwell on fantasy worlds (but this time of dwarves, druids and Vikings) like Folk Metal and Viking Metal.
","[""Lacuna Coil"",""Nightwish"",""Paradise Lost"",""The Sins of Thy Beloved"",""Theatre of Tragedy"",""Therion"",""Tiamat"",""Tristania"",""Type O Negative"",""Within Tempation""]"
11.13,Black Metal,11.13: Metal -> Black Metal,1991,"The genre outlined here is actually the second wave of Black Metal (See: Extreme Metal). The first wave was very obscure and rapidly vanished. Norway, a country of cold, harsh, and unforgiving landscapes, became the perfect breeding ground for Black Metal - arguably the most extreme and least accessible form of metal. Although Black Metal is a less percussion and bass oriented than its contemporary counterparts, its chaotic, screaming avalanche of macabre noise sounds like it was made by the Devil himself. Hi-pitched vocals, symphonic/Gothic elements, and shrill, hyperfast guitar riffs make such a statement almost believable. Black Metal has always been more about the content than the music itself, trying to be as satanic and anti-Christian as possible (and so are many of its practicers). The exact opposite however, is also true, in the form of Christian Black Metal, indicating that probably any genre imaginable already exists.

Black Metal bands are recognizable by their bombastic music, satanic names, elaborate artwork (usually with a chaotic web of sharp forms) and heavy black & white make-up (reminiscent of Glam Metal but much more grim and serious). Themes of torture, pain, blood, and sacrifice occur more than in other Metal genres. Some Black Metal bands became frontpage news by committing acts of murder, violence and desecration, leading to a large amount of indepth Black Metal documentaries about this most evil of music genres.
","[""Burzum"",""Cradle of Filth"",""Darkthrone"",""Dimmu Borgir"",""Emperor"",""Gorgoroth"",""Immortal"",""Liturgy"",""Mayhem"",""Satyricon"",""Tormentor""]"
11.14,Nu Metal & Rap Metal,11.14: Metal -> Nu Metal & Rap Metal,1995,"The Scandinavian styles of Metal (Black, mainly Norway / Death, mainly Sweden / Gothic, mainly Finland) would change the Metal music industry for years to come, but also pull it more underground. A new mainstream, popular genre was bound to emerge, as the same (dinosaur) Thrash and Classic Metal bands kept filling stages over and over again. The heaviest genres of the time (Death, Industrial Metal and Metalcore) were all thrown into an eclectic mix, but mostly Groove Metal and Rap Rock formed the basis for Nu Metal. These genres were only a small step away from fusing Rap or Breakbeat elements into Metal. The outcome was a recipe that could not fail because it was Rap, Rock, and Metal all-in-one. Indeed, “New Metal” had many Rap and few Metal elements: downtuned riffs, breakbeats, scratching, emphasis on kick drums and most noticeably no guitar solos, though the genre lacked no heavy bass or aggressiveness. The difference between Nu Metal and Rap Metal is rather negligible; the latter is reserved for songs which explicitly feature Rap lyrics, though they are both heavily influenced by Rap Rock.

Nu Metal is often linked to Emo(core), as piercing lyrics about frustration and depression (self-mutilation, suicide, abuse, etc.) find its way into the heart of adolescents through melancholic choruses; a very distinctive rupture with previous Metal genres. Fashion is another topic where Nu Metal breaks the rules, with a bizarre mix of Emo and Metal styles and some marginal extravaganza. All these elements contribute to a living paradigm of disturbance: psychosis in sound and flesh.
","[""Biohazard"",""Coal Chamber"",""Deftones"",""Korn"",""Limp Bizkit"",""Linkin Park"",""Mudvayne"",""P.O.D"",""Papa Roach"",""Slipknot"",""System fo a Down""]"
11.15,Metalcore/New Wave of American Heavy Metal,11.15: Metal -> Metalcore/New Wave of American Heavy Metal,1995,"In a desperate attempt to prevent Nu Metal from remaining the last chapter in the history of Heavy Metal and to prove that Metal would survive in the 21st century, the ambiguous term NWOAHM (New Wave of American Heavy Metal) was conceived. This was far from necessary, as Metal is perhaps the only super-genre were all different styles are still being practiced and performed intensively. At first, this wave of American bands seemed only unified in their stance against Nu-Metal, but gradually a specific, well-defined genre unfolded, named Metalcore. It must be noted that Metalcore already had a long and experimental history before Nu Metal, emerging shortly after Crossover Thrash, but remaining rather obscure before the mid nineties. Instead of mutually aggravating each other towards the extreme like Grindcore, Metalcore is a balanced mix of Hardcore and (Death) Metal elements, which undoubtedly has led to longer, more complex songs. The song structure and mentality is still Hardcore, but with a slower drum beat and metallic single note guitars. Metalcore is the least emotional type of Hardcore, which has led to the hyperrational, technical Mathcore or Math Metal and Math Rock. Other, lesser known subgenres include Melodic Metalcore, Noisecore, Deathcore, and Nintendocore. Metalcore is a forced marriage between Hardcore Punk and Metal in order to save both genres their legacies, despite mutual differences. Nevertheless, Metalcore’s numerous offspring subgenres prove the healthiness of this marriage in one way or another.
","[""All Out War"",""Avenged Sevenfold"",""Bullet for My Valentine"",""Chimaira"",""Corrosion of Conformity"",""God Forbid"",""Hanzel Und Gretyl"",""Hatebreed"",""In This Moment"",""Killswitch Engage"",""Lamb of God"",""Shadow’s Fall"",""Unearth""]"
12,Industrial,12: Industrial,null,"Industrial is a genre in between Rock and Electronic music. It evolved out of the German post-war underground scene in the seventies, and has been experimental and obscure ever since. Gothic music, following out of “Post-Punk Depression”, shares many characteristics with Industrial and both subcultures have become intertwined into a state of Siamese twins. Author John Savage outlines five different aspects of Industrial music that show a great deal of insight into this rather secluded genre: organizational autonomy, access to info, use of synth and anti-music, extra-musical elements, and shock tactics.

The first one - organizational autonomy - can be traced back to the roots of the genre’s name: Industrial comes from Industrial Records, the first Industrial record company and more an extreme experiment than a real enterprise. The name however is no coincidence: early Industrial criticizes contemporary art by going either backwards (dark retro/industrial age) or forwards (dark cyber/futurism). Musical references to factory and industrial life (noise, machines) strengthen Industrial’s name. Industrial however does not follow any rules but likes to create the illusion of a heavily organized machine, with visual references to totalitarian regimes such as strong logos, artwork in black-red-white, and band names that are conceived as unstoppable movements on their own. Special fashion subcultures that combine “industrial” looks with either futuristic or retro aesthetics such as “Steampunk” or “Cyberpunk”, enrich modern Industrial subculture, and are sometimes mistaken for music genres.

Industrial is also keen on introducing synth and anti-music (read: noise) into its songs to create the atmosphere of retro-futurism or even more appropriately “techno-paranoia”, reminiscent of American novelist William S. Burroughs. The song structure of Rock gets combined with the sound effects and instrumentation of electronic music, specifically Downtempo, Techno, and Trance. Industrial has a slower, hypnotizing tempo compared to Rock and a pronounced, perfectly regular (almost in a military fashion) rhythm that pounds throughout most Industrial tracks. This has led to the implementation of the word “Techno” on many Industrial genres, such as “Technoid”, “Dark Techno”, “Cybertechno”, and so on. But Industrial is nothing like Techno: there is no groove or soul within, only a dark, pulsing force that is torn and tortured by its own resourceful consciousness.

The forth aspect of Industrial, extra-musical elements, concerns visual art and fashion, but most importantly performance art. Industrial culture is known for its extravagant music concerts. The earliest music shows in the seventies already explored the outer limits of what is morally acceptable on stage and then leapt far and wide over these limits. Not only on stage but also in cover art and lyrics, shock tactics are being used by Industrial: references to fascism and Nazism, torture, self-mutilation, deviant sex, and psychotic, disturbing imagery or voices, all intensified by the dark and heavy sound of Electronic Rock. But Industrial is anything but fascist; the music holds a mirror to those who wrongfully believe so and teaches how people are easily manipulated by media and the visual. Industrial is a philosophical meta-genre, which is why it values access to info.

Industrial has always believed that music is unable to change the world. Yet it tries nevertheless, resulting in a schizophrenic identity of aggression/noise versus melancholy/depression.  This ironic paradox explains many of its characteristics and why few understand and appreciate the music. But more remarkably, is what makes Industrial unique among super-genres: the fact that it has managed to survive all this time while staying practically completely underground (the odd Industrial Rock superstars excluded). The reason is a steel subculture: strong and durable and more important than a technical common ground. Indeed, when one listens to Noise Music or Early Industrial and compares this to Futurepop, the difference can hardly be larger. But as long as there is something repulsive about contemporary society, Industrial, regardless of style, has a reason to exist.
","[""Bauhaus"",""Kraftwerk"",""Marilyn Manson"",""Ministry"",""Nine Inch Nails"",""Rammstein"",""Rob Zombie"",""Skinny Puppy""]"
13,Pop,13: Pop,null,"Pop music is difficult to define. The content of its definition has shifted throughout the course of time. What started as a network of white songwriters manufacturing premade songs for crooners and groups (Tin Pan Alley), became an individual crusade (singer/songwriter) and eventually a herald for integration and emancipation, where blacks as artists and teens as audience were given recognition and a platform.

From the sixties until the eighties, Rock forms the basis for Pop, but that foundation shifts towards House in the nineties and R&B/Rap in the nillies. Lately (from 2010 onwards), Pop has become too eclectic to identify another super-genre within as the dominant core. Whatever that core may be, Pop is always a lighter, more accessible variant with catchy, pronounced melodies, but not too complex. Pop songs are always 100% radio friendly, i.e. they are edited to play up to four minutes or less and have politically correct lyrics, often bordering on shallowness. Pop has plain song structures, which are easy to memorize and so are the chords or melodies. A strong focus on video clips and visual performance have become staples in the Pop industry throughout the years, as most Pop does try to sell. More than any other super-genre, Pop has a commercial nature, or – in better terms – Pop transmutes in what sells the most.

The word “Pop” is short for popular music and first coined in the fifties. Crooners from that decade were the first to be mentioned as “pop”. These artists had a tremendous popular appeal and their songwriters would seek inspiration from the most diverse genres in order to attain the perfect success formula. This means that at first Pop was not seen as a separate genre, but a collection of music from different genres that are the most popular. This is of course a matter of perspective. But although Pop may be vague as a group, especially in the beginning, its various subsequent subgenres are often well-defined. Therefore Pop is rightfully a super-genre on its own. Sometimes Pop is being used as a term for all popular music, but this is highly confusing and will not be used in musicmap.

The strength of Pop music lies in a denial of genre or niche: Pop does not try to bring a new subculture or convey a message. It wants to include anyone and everyone and just have fun. Pop wants to be approachable: no barrier, no threshold, no shame. Anything goes. But Pop should not be seen as a derogatory term: every person adores at least one Pop song, whether it’s Britpop, Synthpop, Disco Pop or whatnot. Pop after all, is not irreconcilable with innovation or quality. But what exactly defines Pop music then? Pop is whatever gets the most appeal from people, the common denominator between different music tastes and the most flexible, applicable of styles. Never too extreme in one aspect or another, yet never too mundane or boring; Pop seeks to catch the attention fast and hold it, but never in an offensive or disturbing way.

In the US, the repressive authority of the Bush administration on Dance/EDM parties in general has led since its inauguration in 2000 of a stronger intertwining of Dance, especially House, with other genres such as Rap, Nu R&B and Pop music. Electronic samples and the use of soulful vocals start to appear on EDM records that would otherwise be ignored. American EDM artists were forced to cross over to Pop in order to financially survive and this has led to an even greater diversity, complexity, and eclecticism in contemporary (Pop) music. After the Obama inauguration, “pure” EDM breaks through in the States, something that hasn’t happened since its birth in Chicago and Detroit. However, by that time, Pop, Dance, Rap, R&B, and Rock were already so clotted up (not the least by the advent of streaming music services and growing multimedia) that it might even be reasonable to discard Pop as a separate super-genre and regard it as simply a collection of the most popular and commercial music – just like it was in the beginning.
      
",null
13.01,Pop Crooners,13.01: Pop -> Pop Crooners,1957,"Pop music is a commercial and light variant of either Rock or R&B music, often crossing over to whatever genre sells the most. However, before Rock music, producers were already creating Pop music. The dominant source of Pop in the early 20th century was Tin Pan Alley: a musical neighborhood in New York near and for Broadway (thus aimed at musicals). Nearby was the famous Brill Building. When EP’s became more and more commonplace in the fifties and the first hit parade appeared (in 1952), this building turned into a giant busy hive, filled with countless recording studios. At first, Brill Building’s focus lay at creating music for the family, but that all changed in the late fifties. As a response to Rock ‘n’ Roll’s popularity, professional Pop producers crafted teen oriented hit songs. Charming male crooners in the fifties and hired girl groups in the sixties were meant to express an irresistible image of sexiness, turning their work into large profits. The first crooners appeared in the twenties and were named after their singing technique of gently moaning in the microphone. A large difference with (poorer) hollers or shouters in Blues who had to use all the volume their voices could produce, as they had no voice amplification. Brill Building Pop evolved from a more minimal singer/songwriter type of music (early Tin Pan Alley pop music) into a light version of Rock ‘n’ Roll written in 6/8 signature with Latin or exotic sounds, strings, children’s melodies and Rhythm ‘n’ Blues influences. The most famous producer of this era is undoubtedly Phil Spector, who helped reach many Girl Groups and Golden Age Rock bands achieve stardom with his “Wall of Sound” recording technique.
","[""Carly Simon"",""Chrissie Hynde"",""Del Shannon"",""Frank Sinatra"",""Gene Pitney"",""George Gershwin"",""Jimmy Durante"",""Nat King Cole"",""Neil Sedaka"",""Pat Boone"",""Paul Anka"",""The Dixie Cups"",""The Righteous Brothers"",""The Shangri-Las""]"
13.02,Bubbleegum & Teenybop,13.02: Pop -> Bubbleegum & Teenybop,1957,"The sixties was a glorious decade of prosperity and happiness, but also of new inventions and gadgets for the whole family ushering the age of consumerism. A lot of babyboomer teenage children (or even preteens) were a perfect target for a new music genre, fittingly called Bubblegum (Pop). Music producers (acting like franchise CEO’s) took Rock ‘n’ Roll and stripped it down to simple, melodic Pop music that was premanufactured, commercialized, bought and sold. Bubblegum often featured ‘fun’, colorful instruments such as Hammond Organs.

Teenybop was pop music specifically made for very young or sensitive teens, which dealt about melodramatic and sentimental events (such as the first high school crush etc.). It’s clear that Teenybop shares a great deal of resemblance with Bubblegum: music as shiny merchandise or therapeutical triage for children. Bubblegum became an umbrella term for any studio based catchy tune under three minutes, and eventually used as a negative synonym for shallowness and lightheartedness, despite a number of independent Garage Rock and Rockabilly Pop bands creating similar music.
","[""Archies"",""Lesley Gore"",""Leslie Gore"",""Little Eva"",""Little Peggy March"",""Ohio Express"",""Osmonds"",""Rubettes"",""Shelley Fabares"",""The Everly Brothers"",""The Jackson 5"",""The Monkees"",""The Shocking Blue""]"
13.04,Singer/Songwriter,13.04: Pop -> Singer/Songwriter,1971,"Starting in 1967, Folk Rock slowly breaks loose from its predefined constraints and gives birth to perhaps the most immortal of music genres: Singer/Songwriter (S/SW). This marks a pivotal moment in music history: the artist in Pop music is no longer simply the performer of prewritten lines, but the author of them as well. By 1971 (not by chance at the start of the decade of individualism), the genre has fully taken form. Personal stories and emotions take precedence over social criticism and community feeling. Folk Rock provided wavering crooners with the confidence they needed to pursue solo careers and attain artistic independence. The essence of Singer/Songwriter lies in its lyrics: a revelation of inner thoughts in a poetic manner, often as exposing as possible. The accompaniment of these lyrics is also performed by the Singer/Songwriter, almost always with a single guitar or piano. During the early eighties, Singer/Songwriter leads with a series of alternative subgenres to Indie Pop & Rock, such as College Pop, Lo-Fi Pop, Neo-Folk and later Slowcore. Other subgenres are either dependent on the type of song (function) or the region (sentimental ballads, reactionary protest songs, Dutch Kleinkunst, smooth poplike Bleakfolk, Soft Rock as proto S/SW…) In France, the most important subgenre known as Chanson (“Song”) already experienced a rich history during the entire 20th century. Chansons are even more emotional than usual and have a strong historical connection with French film, literature, and theater.
","[""ANOHNI"",""Abel Ghekiere"",""Al Jolson"",""Al Jolson / Bert Fiske"",""Al Martino"",""Alice Faye"",""Allan Jones"",""Amy Grant"",""Angel Olsen"",""Angie McMahon ft Leif Vollebekk"",""Ann Miller / Lyttle Sisters / Mel-Tones"",""Arlo Guthrie"",""Barbra Streisand"",""Beatings are in the Body"",""Bette Midler"",""Betty Hutton"",""Bing Crosby"",""Blake Lewis"",""Bobby Helms"",""Bonnie \""Prince\"" Billy"",""Boygenius"",""Caitlyn Smith"",""Carole King"",""Cary Brothers"",""Cathy Carr"",""Clark Gable"",""Dean Martin"",""Diana Krall"",""Dianne Reeves"",""Dick Haymes"",""Dinah Shore & Andre Previn"",""Dionne Warwick"",""Don Cherry"",""Donald O'Connor / Ethel Merman"",""Eddie Duchin"",""Eddie Vedder"",""Edith Piaf"",""Elizabeth Mitchell & Lisa Loeb"",""Ella Fitzgerald"",""Engelbert Humperdinck"",""Erma Franklin"",""Ethel Merman"",""Feist"",""Fiona Apple"",""Florist"",""Four Aces"",""Frankie Laine"",""Fred Astaire"",""Fred Astaire / Judy Garland"",""Gavin DeGraw"",""Hamilton Leithauser & Angel Olsen"",""Hand Habits"",""Hayley Williams"",""Howard Keel / Judy Garland"",""Hozier"",""Indigo Girls"",""Ink Spots"",""Irving Berlin"",""James Maddock"",""James Taylor"",""Jaques Brel"",""Jason Mraz"",""Jennah Barry"",""Jerry Butler"",""Jerry Vale"",""Jerry Vale / Percy Faith & His Orchestra"",""Jessica Pratt"",""Joan Osborne"",""Joanna Newsom"",""Joe Reisman / Lou Monte"",""Johnnie Ray"",""Jon Brion"",""Jonathan Personne"",""Joni Mitchell"",""Jools Holland & Tom Jones"",""Joseph Arthur"",""Josh Groban"",""Josh Kelley"",""Julia Jacklin"",""Julie London"",""Julien Baker"",""Julien Clerc"",""Julio Iglesias"",""Julius LaRosa"",""KD Lang & Tony Bennett"",""Karine Polwart & Dave Milligan"",""Kellan Christopher Cragg"",""La Force"",""Lana Del Rey"",""Laura Gibson"",""Le Ren"",""Leonard Cohen"",""Loudon Wainwright III"",""Malick, Peter Group/Norah Jones"",""Margaret Glaspy"",""Marie Miller"",""Marie-Pierre Arthur"",""Marilyn Monroe"",""Marissa Nadler"",""Marlene Deitrich"",""Martha Wainwright"",""Matt Nathanson"",""Max Garcia Conover"",""Melissa Etheridge"",""Mellomen Orchestra / Rosemary Clooney"",""Michael Bublé"",""Michael Feuerstack"",""Michelle McAdorey"",""Mitski"",""Mount Eerie"",""Mount Eerie, Julie Doiron"",""Mundy"",""Mustafa"",""Natalie Bergman"",""Natalie Cole"",""Nate Maingard"",""Neil Diamond"",""Neil Young"",""Nick Drake"",""Norah Jones"",""Passenger"",""Pat Boone"",""Patti Page"",""Paul Anka"",""Paul Simon"",""Peggy Lee & Cole Schmidt"",""Perfume Genius"",""Phoebe Bridgers"",""Planes on Paper"",""Randy Crawford"",""Roger Williams"",""Roman Lewis"",""Ronnie Carroll"",""Rose Cousins"",""Rose Cousins, Bear's Den & Christof Van Der Ven"",""Rosemary Clooney"",""Roy Orbison"",""Rufus Wainwright"",""Ryan Adams"",""Sam Lynch"",""Samia"",""Sarah MacDougall"",""Sarah Vaughan, Jimmie Jones & Orchestra"",""Serge Gainsbourg"",""Sharon Van Etten"",""Shelby Lynne"",""Shenandoah Davis"",""Sinead O'Connor"",""Skeeter Davis"",""Sufjan Stevens"",""Sun June"",""Tasha"",""The Andrews Sisters"",""The Bachelors"",""The Castells"",""The Four Lads"",""The Highland Harmonic"",""The Hilltoppers"",""The Ink Spots"",""The Lettermen"",""The Platters"",""Tim Buckley"",""Timi Yuro"",""Tobias Jesso Jr"",""Tom Waits"",""Tommy Bryan Ledford"",""Tracy Chapman"",""Tristen"",""Van Morrison"",""Vance Joy"",""Vanessa Carlton"",""Various Artists"",""Vince Hill"",""Whitney Ballen"",""Yoko Ono & ANOHNI"",""Zach Gill"",""boygenius""]"
13.05,Early Pop Rock & Power Pop,13.05: Pop -> Early Pop Rock & Power Pop,1973,"Power Pop, one of the first true Pop Rock genres, is in fact a revival of Mersey Beat, a second British Invasion so to speak. However, you can hear an important difference: the riffs are played with short, energetic strokes, enhanced by fast, repetitive drum beats. This property gives Power Pop a very ‘spikey’ and hyperactive feel, hence its name. The emergence of Power Pop and the early types of Pop Rock that went along with it, must be seen as compensation for the ‘darker’, more serious types of Rock (Pub Rock, Roots Rock, Mod) popping up in the UK in the early seventies. To steer the people (read: teens) as far away from these ‘bad’ types of Rock as possible, the sound of Power Pop went in the opposite direction: happy, melodic and light. At the end of the seventies, Power Pop experienced a second wave, and in the nineties a third one. The success of Disco and derivatives trumped Pop Rock’s second wave and strongly suppressed the genre in the eighties. The original fusion of Hard Rock and Mersey Beat (first wave) became tainted by other genres during these succeeding waves, leading eventually to dissolution into other genres, though a number of Power Pop artists are still active. Original Power Pop served as a blueprint for many later Pop Rock artists, which were drawn to the bare simplicity of Classic Rock without psychedelic influences or extensive post-production.
","[""Adriano Celentano"",""Badfinger"",""Big Star"",""Cheap Trick"",""Diamond Nights"",""Liquido"",""Matthew Sweet"",""Raspberries"",""Rooney"",""Sam Coffey & the Iron Lungs"",""The Knack"",""The New Pornographers"",""The Romantics"",""Weezer""]"
13.06,Soft Rock/Adult Contemporary,13.06: Pop -> Soft Rock/Adult Contemporary,1977,"Some A.O.R. bands took a lighter approach (no guitar solos and less bass) and created Soft Rock (though sometimes the two genres are hard to separate). What started as an alternative countermovement became so commercial that eventually it was pure Pop music. Another break in A.O.R.’s trend is the stepping of more solo and singer/songwriter artists into the spotlight instead of faceless bands. The outcome and legacy of A.O.R. was a large and soft genre, yet not targeted at teens (compared to other Pop), but specifically for adults: Adult Contemporary (which can be seen as a synonym for Soft Rock). The name Adult Contemporary did not start out as a genre but as a billboard category for music, officially installed in 1979. Adult Contemporary (or A.C.) replaced the Easy-Listening category, and as such it is rather lightweight music for more mature people who like their music relaxing and politically correct. The term A.C. got retrospectively applied to all kinds of Soft Rock, even before 1979. Unsurprisingly, there is quite some overlapping with similar genres such as Country Pop, Smooth Jazz, New Age and Singer/Songwriter. In the eighties, a small, sentimental, “sophisticated” subgenre emerged, known as Sophisti-Pop. Sophisti-Pop uses more synth than regular Soft Rock, though subdivision within the eclectic style of Soft Rock is a bit hair splitting. Adult Contemporary is still being broadcasted on specialized radio channels throughout the world, as these golden Pop Rock classics seem to have a timeless appeal.
","[""Barbra Streisand"",""Bertie Higgins"",""Bonnie Tyler"",""Carly Simon"",""Celine Dion / Clive Griffin"",""Cher"",""Crash Test Dummies"",""Fleetwood Mac"",""Howard Jones"",""John Mayer"",""Johnny Hates Jazz"",""Kim Carnes"",""Laura Branigan"",""Leo Sayer"",""Level 42"",""Lindsey Buckingham"",""Living in a Box"",""Matchbox Twenty"",""Olivia Newton-John"",""Paul McCartney"",""Paul Young"",""Phil Collins"",""Robert Palmer"",""Simply Red"",""Sonny & Cher"",""The Carpenters""]"
13.07,Synthpop & New Romantics,13.07: Pop -> Synthpop & New Romantics,1981,"In the eighties, Synthpop reigns supreme: electronic New Wave that became highly popular due to the combination of a recognizable Pop/Rock song-structure and new and exciting synthesizer sounds. The release of the Yamaha DX7 in 1983 as the penultimate polyphonic synthesizer dramatically increases the production of Synthpop music. Guitars are barely noticeable, if they are present at all or not replaced by “keytars”. The difference between original New Wave and mid-eighties Synthpop is quite large. It’s less aggressive and more melodic, with less Rock and more Pop. It’s sleek and sterile, contagious and danceable, accessible and fun. Another difference is the increased emphasis on fashion, style, glamour and make-up. However, the gradual evolution from Wave to Synthpop ensures that a lot of music falls in between and New Wave becomes an interchangeable term with Synthpop. In this momentum a temporary movement also existed, known as the New Romantics: a hybrid Synthpop/Wave with Disco influences.

Synthpop can be a misguiding term, as the genre is probably the least Pop-like of all Pop genres in terms of mentality. Many Synthpop artists crave experimentalism and conceptual music, building further on the legacy of (Post-)Punk. Synthpop was also one of the few music genres heavily featured on early MTV, alongside Disco Pop, Glam Metal and Golden Age Rap. Difficult arrangements (like Post-Punk), yet simple, futuristic and flashy songs have granted Synthpop an endless appeal, with a far reaching influence and even revivals of revivals.
","[""Ace of Base"",""Alphaville"",""Bronski Beat"",""CHVRCHES"",""Depeche Mode"",""Duran Duran"",""Eno & Hyde"",""Eurythmics"",""Everything But The Girl"",""Fever Ray"",""Frou Frou"",""Gary Numan"",""M83"",""Nation of Language"",""Pet Shop Boys"",""Robert DeLong"",""SOPHIE"",""Soft Cell"",""Sophie"",""Talk Talk"",""Tears For Fears"",""Tears for Fears"",""The Human League"",""The Postal Service"",""Twin Shadow"",""Visage"",""Years & Years""]"
13.09,Post-Disco Pop,13.09: Pop -> Post-Disco Pop,1984,"In the aftermath of the great Disco supernova implosion, a supermassive, eclectic post-genre opened up, attracting a bit of everything that was hot at the time (but mostly Synthpop and a touch of instant recognizable glammy metallic guitar solos). The result is Discopop or Post-Disco: a collection of all Disco-based Pop music that is almost synonymous with “the sound of the eighties”. The demise of Disco happened parallel with the demise of Post-Punk, the aftershock of the oil crisis, and the steep rise of Colombian cocaine and techno-materialism. This was music for the age of superficiality: a thin layer of neon, fast vehicles, palm trees and white powder, barely capable of concealing a yolo-mentality that denied any fear it was actually based upon.

But there was more than synthesizer bands stuck in an escapist wave of Disco nostalgia. Disco-Pop is mainly the embodiment of artists with a R&B background (Soul) who got influenced by its successor Disco, but never really made pure Disco music (as this was strictly dancefloor material). Instead they released Pop crossovers and became international superstars, selling more records than anyone before. Their music is often (mistakenly) labeled as “Dance Pop”, a reference to its irresistibly moving nature. By combining the most-catchy elements of Rock, Synth and R&B, while also implementing less conventional chords and song structures, professional Pop producers donated their artists immaculately crafted superhits eternalized in music’s collective memory.
","[""Andrae Crouch Choir/Michael Jackson/Siedah Garrett/The Winans"",""Bryan Adams"",""David Bowie & Tina Turner"",""Janet Jackson/Michael Jackson"",""Laura Branigan"",""Lipps Inc."",""Lou Bega"",""Madonna"",""Miami Sound Machine"",""Michael Jackson"",""Michael Jackson & Paul McCartney"",""Michael Jackson & Siedah Garrett"",""Michael Jackson/Paul McCartney"",""Michael Jackson/Siedah Garrett"",""Moti Special"",""Roxette"",""Sabrina"",""Samantha Fox"",""Taeko Onuki"",""The Bangles"",""The Jackson 5"",""Tina Turner"",""Whitney Houston"",""Yazoo""]"
13.10,Indie Pop,13.10: Pop -> Indie Pop,1986,"1979, a third lesser known wave of Folk Rock emerged in the southern states and mingles with related Country Rock. This wave, known as College Pop, becomes more poppy, lo-fi and increasingly amateuristic in sound. By 1982, the formation of College Pop into so called “Lo-Fi Pop” is complete. In the same communities there was an interest in (Hardcore) Punk Rock’s DIY approach too as well as the brand new Jangle Pop/Indie Rock style too. This led to a softer version of the latter, with more focus on melody and less of an abrasive sound harnessing positive, sentimental emotions instead of Indie Rock’s negative angst-filled ones. Therefore Indie Pop is also sometimes known as “Twee (Pop)”. A lot of Indie Pop artists were affiliated with the noteworthy K-Records label. Indie Pop became widely known thanks to New Musical Express’s C86 tape (the successor of its C81 tape), which was a compilation of Indie Pop artists in 1986. These artists never achieved the same fame as their Rock companions, but were influential as a whole. Witnessing an unsophisticated, almost rudimentary sound by such an overwhelming amount of artists instilled a great deal of confidence in many Rock and Pop bands to come. Because even though Twee Pop is mostly associated with the late eighties, the genre is still a significant music style, harboring a vast number of Alternative Pop artists.
","[""10,000 Maniacs"",""AJR"",""Adanowsky"",""Alt-J"",""Architecture In Helsinki"",""Avi Buffalo"",""BANNERS"",""BEL"",""Bastille"",""Beat Happening"",""Beirut"",""Belle And Sebastian"",""Belle and Sebastian"",""Bibi Club"",""Black Kids"",""Broken Bells"",""Cameron Winter"",""Cannon Bros"",""Cant"",""Caroline Polachek"",""Chairlift"",""Clairo"",""Clap Your Hands Say Yeah"",""Coasts"",""Coconut Records"",""Cocorosie"",""Coleman Hell"",""Cornershop"",""Crystal Fighters"",""Cumulus"",""Darwin Deez"",""Declan McKenna"",""Destroyer"",""Dirty Projectors"",""Dot Comet"",""Egyptian Hip Hop"",""Electric Guest"",""Faith Healer"",""Florence + The Machine"",""Foster The People"",""Foster the People"",""Freelance Whales"",""Generationals"",""Goth Babe"",""Gotye"",""Grimes"",""Grouplove"",""Hamilton Leithauser + Rostam"",""Helena Deland"",""In The Valley Below"",""JW Francis"",""Jelani Aryeh"",""Jewel"",""John Wizards"",""Jon McKiel"",""Jon Mckiel"",""Joy Again"",""Kishi Bashi"",""Korea Girl"",""LUMP"",""Loma"",""Los Campesinos!"",""Lykke Li"",""MPR"",""Madeline Kenney"",""Majical Cloudz"",""Mallrat"",""Masha Qrella"",""Matt and Kim"",""Maypop!"",""Men I Trust"",""Mhostly Ghostly"",""Miike Snow"",""Molly Burch"",""Neon Trees"",""New Pornographers"",""Night Riots"",""Nilufer Yanya"",""Nilüfer Yanya"",""ON AN ON"",""Oax"",""Of Montreal"",""Pascal Babare"",""Peach Tree Rascals"",""Plants and Animals"",""Porches"",""Portugal. The Man"",""Prag"",""Primal Scream"",""Quivers"",""Ra Ra Riot"",""Ratboys"",""Rex Orange County"",""Royel Otis"",""Rozi Plain"",""Saint Etienne"",""Saint Motel"",""Sandro Perri"",""Shout Out Louds"",""Shy Boys"",""Smallpools"",""Smokey Brights"",""Snowblink"",""Stars"",""Summer Camp"",""Superorganism"",""Svantana"",""Sylvan Esso"",""THE ANXIETY, WILLOW & Tyler Cole"",""Teddybears"",""Tennis"",""Thanya Iyer"",""The 1975"",""The Antlers"",""The Bends"",""The Blow"",""The Cardigans"",""The Dears"",""The Dreamers"",""The Field Mice"",""The Griswolds"",""The Magnetic Fields"",""The Midnight Revolution"",""The Mowgli's"",""The National"",""The New Pornographers"",""The Pastels"",""The Shop Assistants"",""The Submarines"",""The Tontons"",""The Wannadies"",""The Wedding Present"",""The Wombats"",""The Wrecks"",""The XX"",""Thus Owls"",""Tiger Trap"",""Tokyo Police Club"",""Tomberlin"",""Tune-Yards"",""Two Door Cinema Club"",""Typhoon"",""Vampire Weekend"",""Viola Beach"",""Warpaint"",""We Are Scientists"",""Westerman"",""White Rabbits"",""Wye Oak"",""X Ambassadors"",""Young Galaxy"",""Yumi Zouma"",""Yves Klein Blue"",""alt-J"",""bby"",""twenty one pilots""]"
13.13,Modern Pop,13.13: Pop -> Modern Pop,2006,"Modern pop is the direct successor to post-disco pop, but with more production and stylings typical to the 2000s and 2010s.
","[""Ariel Pink"",""Beyoncé"",""Beyoncé & Blue Ivy Carter"",""Beyoncé & Bzzzz Drumline"",""Beyoncé & J Balvin"",""Beyoncé, Kelly Rowland & Michelle Williams"",""Billie Eilish"",""Britney Spears"",""Fergie"",""Hikaru Utada"",""Janelle Monáe"",""Katy Perry"",""Ke$ha"",""Kylie Minogue"",""Lady Gaga"",""Ladyhawke"",""Lily Allen"",""Lorde"",""Maroon 5"",""Oliver Tree"",""Pink"",""Pink Floyd"",""PinkPantheress"",""Robyn"",""Roisin Murphy"",""Sara Bareilles"",""Taylor Swift"",""The Knife"",""Tones and I"",""Wild Pink""]"
13.14,K-Pop,13.14: Pop -> K-Pop,1992,"Originating in South Korea, K-Pop (Korean Popular Music) evolved into a global cultural phenomenon by synthesizing modern Western popular genres—primarily Hip-Hop, Contemporary R&B, EDM, and Post-Disco—with hyper-polished Korean production values. The genre’s modern framework began in 1992 with Seo Taiji and Boys, who introduced American Hip-Hop breaks and rap to mainstream Korean broadcasting. Modern K-Pop is defined by an intensive agency trainee system, multi-member concept groups, intricate synchronized choreography, and dynamic multi-genre switches within a single track. Visually driven and visually produced, K-Pop relies heavily on concept-driven aesthetics, high-budget music videos, and distinct performance roles (vocalists, rappers, visual leads) tailored for an intensely engaged global fanbase.
","[""4Minute (포미닛)"",""BIGBANG"",""BLACKPINK"",""BTS"",""BoA"",""Girls' Generation"",""J.Fla (제이플라)"",""NewJeans"",""Seo Taiji and Boys"",""Stray Kids"",""TVXQ!"",""TWICE"",""이달의 소녀 (LOONA/Yves)""]"
20,Country,20: Country,null,"For many non-Americans unfamiliar with the music, Country feels like a small and insignificant genre. However, Country has been the United States’ most selling genre for several decades and still is among the top selling categories according to numerous statistics. During the seventies, American citizens could even tune in to more than 600 (!) different Country radio stations. The genre has always been closely linked with radio and was one of the first music genres to go on the airwaves and into the living room of many Americans. Because that’s what Country is all about: everyday life, family, home. It is no coincidence many Country bands are named as a family and/or are actual families. Strong family values form a common theme throughout Country’s history, but sometimes a darker reality of liquor, drugs, adultery and criminal behavior dispels that picture perfect illusion. Then, such a predicament becomes a catalyst that creates diversity within the genre. But Country deals about more than just family. God and the motherland form two other recurring core values of Country’s content. The lyrical subject of faith has created a link with Gospel (Country Gospel), and a distance with people of other religions.

Being as old as it is, Country works mostly with very classic (string) instruments: banjo, fiddle, acoustic guitar, violin and harmonica. The genre has refrained during later decades from incorporating many other instruments, especially electronic ones. With a slow tempo and a sparse (often acoustic) set-up, Country puts great emphasis on voice. Many male and female Country singers are renowned for their voice, perhaps the most important instrument of the genre. Just like Folk Rock, the voice should have the power to convey emotional stories or ballads. Duets, especially man and woman talking about love, are also common within the genre. Country is based on traditional ballads or tunes with rather plain melodies and chords, similar to Folk music (which was an important influence on the genre).

Because Country can be traced back to remote, wild, rural areas, the name is a reminder of its geographical origin. But Country quickly conquered the urban landscape, like Nashville, Tennessee, where the mythical Grand Ole Opry dance hall showcased all kinds of Country genres every week from 1925 until this very day. The word “Country” also hints at the patriotism embedded in Country’s subculture. A strong link with American culture and the pride of the nation give Country a strong domestic appeal, but a weak foreign one. However, certain Country songs and artists have become immensely popular overseas and show just how much power and emotion can be transferred throughout the genre.

A particular aspect of Country is that it is sometimes regarded as the Caucasian equivalent of the Blues - the music of one stereotypical image: the common, traditional, Christian, American man. The two primordial billboard music categories left no doubt about this: popular music was either “race music” (made by blacks: Blues and black Jazz) or “hillbilly music” (made by whites: Country). Country subculture can be conservative and is sometimes accused of homophobic or racist incidents such as worshipping of the southern – slave - Confederacy. Yet the genre is far too broad and rich to narrow it down to its most politically extreme exponents. There were also succesful black musicians.

A possible subdivision is the use of generations because Country is so family related. These (six) generations are often real family generations (famous Country singer Hank Williams and his almost equally famous son Hank Williams Jr. for example). The first and second generation are sometimes known as “Traditional Country”. The hegemony of Rock within white music culture prevents a large mainstream breakthrough of Country, especially on an international scale. But the unique and powerful characteristics of the genre grant Country still a strong appeal, almost a century long.
",null
20.01,Classic Country/Hillbilly,20.01: Country -> Classic Country/Hillbilly,1925,"Before Country, there was already evidence of a type of music played by white Americans living in the hills or rural areas (the countryside, especially Appalachia) and (so-the-tale-goes) often named Billy: the Hillbillies. They made acoustic music with whatever instrument they could lay their hands on: classic guitar, fiddle, mandolin, banjo, bass, and later Hawaiian style slide guitar. All these instruments produced sharp, short tones fitting for the rough, mountainous environment.

Irish and British Folk music, popular among European immigrants in the US, laid the foundations for a new kind of hymn that formed the blueprint for Country. And under the influence of Blues and Celtic Folk, this liquor- (and gun-) fueled proto-country or Hillbilly music gradually became a whole new group of music. The lyrics of Classic Country dealt with individual stories like Blues, but were more suited for a younger audience (there was no place for sex and drugs in Classic Country). Country describes tales which support family values, despite a degree of drinking and shooting that went along with the music.

Eventually Country gets shaped into a unique, fully fledged genre that also took cues from Tin Pan Alley pop music, ballads, and parlor songs. Unsurprisingly, this fresh and brewing melting pot quickly led to many small subgenres, such as Country Gospel (fusion with Gospel) and Cowboy & Western (Midwestern Country music recollecting the Far West).
","[""Carl Sprague"",""Gene Autry"",""Goebel Reeves"",""Hank Snow"",""Harry McClintock"",""Harry McLintock"",""J.E. Mariner's Mountains"",""Jimmie Rodgers"",""Jimmy Dean"",""John Carson"",""Johnny Cash, The Carter Family"",""Roger Miller"",""Roy Acuff"",""The Balfa Brothers"",""The Carter Family""]"
20.02,Western Swing,20.02: Country -> Western Swing,1937,"The big craze that was Swing swiftly got a hold on Country, because entertaining music for large venues where people could dance was a concept that could just as easily be done with Hillbilly music. Except this wasn’t done in fancy ballrooms or concert halls (like Swing), but good ol’ fashion barns. Especially in Texas and Oklahoma the genre proved very successful. When the new technology of amplified guitars was fitted into the hillbilly instrument ensemble, the eclectic genre Western Swing was born. Western Swing borrowed influences from just about any other popular music genre that was already invented (which was a rather scarce collection at the time). Swing rhythms, Jazz solos and many different instruments merged into an unrestricted and original genre. It was also one of the very first music genres to be broadcasted to a large audience by radio. But as radio made Western Swing great, the invention of television killed it.

Western Swing is not the same as Western Country aka Cowboy & Western aka Cowboy music. This genre happened earlier during the early thirties and is your stereotypical cowboy music, often used in Hollywood films and reused by Tin Pan Alley.
","[""Asleep At The Wheel"",""Asleep at the Wheel"",""Billy Mize & Bob Wills"",""Cliff Bruner & his Texas Wanderers"",""Hank Thompson"",""Merle Haggard"",""Musical Brownies"",""Pickin' On Band"",""Spade Cooley"",""The Texas Playboys""]"
20.03,Honky Tonk/Hardcore Country,20.03: Country -> Honky Tonk/Hardcore Country,1939,"Country before the forties had a bit of a multiple personality disorder. While one part of it evolved as a crazy, fun barn dance music, the other part went the opposite way. It evolved as an introvert, back-to-the-roots music that wasn’t happy at all, and often involved tragic ballads, known as Honky Tonk. Most Honky-Tonk songs deal about relationship problems, alcohol abuse, financial worries or other misfortune. Instead of large barns, this music was played in the more intimate bars of southern USA, which were called “honky-tonks”. However, honky tonks were still large enough to force the artist to implement electric instrumentation, in order to top the crowd volume-wise. Honky Tonk also introduced a steady 4/4 beat to Country Music, which diverted the genre from Folk. Honky Tonk artists often sang with a thick, southern tongue and in a nasal tone. Combined with cowboy hat, boots, and costume, the caricature of the traditional Country singer was complete. Honky Tonk remains an important separate stream in Country’s history, and is sometimes synonymous with so called “Hardcore Country”. But Hardcore Country can also be an umbrella term for more traditional, pure forms of Country as opposed to eclectic “Soft-Shell” Country Pop or Alternative Country.
","[""Al Dexter"",""Bobby Bare"",""Confederate Railroad"",""Ernest Tubb"",""George Jones"",""Hank Williams"",""Johnny Cash"",""Kitty Wells"",""Lefty Frizzell"",""Loretta Lynn"",""Merle Travis"",""Rex Griffin""]"
20.04,Bluegrass,20.04: Country -> Bluegrass,1947,"Hillbilly Country evolved into something completely different in the forties. A lot of focus was put on the strings, which were fiercely fiddled, to create another type of Classic Country, called Bluegrass. Bluegrass took its name from one of the first practicing bands: Bill Monroe and the Bluegrass Boys, who in their turn were named after the state Kentucky aka “the Bluegrass Country”. Bluegrass is that typical, atmospheric, hi-pitched, hyperactive country most people know. Violins are very common, alongside mandolin, guitar and banjo. Although Bluegrass sounds like it’s not taking itself seriously, it is actually very reactionary and serious music, rising up against authority. Bluegrass is more zealous than other country genres, spreading forth revolution and highly religious messages, like a musical crusade. A bit like political Folk music one could say, but with a certain supercharged overdrive. Bluegrass swears off electric instruments and is always completely acoustic, like Folk. Improvisation or freewheeling is also a key Bluegrass element.

The genre remained popular and even got some small subgenres, such as the progressive Newgrass in the seventies. The film “Oh Brother Where Art Thou” by the Coen Brothers in 2003 also created a strong reinterest in Bluegrass (and Country in general) during the nillies.
","[""Alison Krauss"",""Alison Krauss & Union Station"",""Alison Krauss and Union Station"",""Banjo & Sullivan"",""Bill Monroe & His Bluegrass Boys"",""Blue Sky Boys"",""Bluegrass Diamonds"",""Chatham County Line"",""Flat & Scruggs"",""Gillian Welch & Alison Krauss"",""Gillian Welch, Alison Krauss, & Emmylou Harris"",""Jerry Douglas"",""John Hartford"",""Kingston Trio"",""Normal Blake"",""Norman Blake"",""Peter Rowan"",""Ralph Stanley"",""Ricky Skaggs"",""Soggy Bottom Boys"",""The Cox Family"",""The Dead South"",""The Osborne Brothers"",""The Peasall Sisters"",""The Stanley Brothers"",""The Whites""]"
20.05,Bakersfield,20.05: Country -> Bakersfield,1954,"Bakersfield (Sound) is a lesser known type of Country, named after the place where it originated: the city of Bakersfield, California, so it could as well be called West Coast Country. Roots Country musicians came from the midwest to southern California where they brew up a melting pot of Honky Tonk with a pinch of Rock ‘n’ Roll and Western Swing.

Immediately after the rise of Rock ‘n’ Roll, Country started to incorporate Rock ‘n’ Roll elements, but Bakersfield remained a rather traditional type of Country, honoring its Honky Tonk heritage. Typical Bakersfield instruments include Fiddle, Steel Guitar, Drums and Telecaster. This would make it seem that Rock ‘n’ Roll was only a small influence for Bakersfield. However, most instruments were electrified like Rock, and a pronounced backbeat showcased a large difference with its contemporary rival, Nashville Country (which actually was a backlash against Bakersfield’s Rock allures).
","[""Buck Owens and the Buckaroos"",""Dennis Payne"",""Dwight Yoakam"",""Freddie Hart"",""Jean Shepard"",""Merle Haggard and the Strangers"",""Susan Raye"",""Tommy Collins"",""Wynn Steward""]"
20.06,Nashville & Country Pop,20.06: Country -> Nashville & Country Pop,1957,"Country expands drastically after WW II, thanks to a heightened sense of nationalism, a larger export market (babyboomers), an exponential increase in Country radio stations, and a bigger target audience due to the appeal of electric instruments. The Rock ‘n’ Roll revolution however, threatened Country’s prosperous expansion. Country revolted with a commercialized version of Honky Tonk, a genre that was content-wise quite the opposite of R&R. Honky Tonk had to lose its hardcore edge in order to become more popular. This resulted in a smooth, softer Pop-like Country, with more emphasis on strings and textured instruments. Its name came from the town where most of its slick producers intended to regain the influence back that R&R had stolen from them: Nashville, Tennessee. It was also the town where a lot of huge barn dances with Nashville country were being held, such as the legendary Grand Ole Opry.

Eventually Nashville became even more polished in the form of mainstream Countrypolitan, though these genres may be regarded as synonyms. Countrypolitan experienced accusations of being too superficial and profit-oriented, with “Teflon”-singers in their western suits showing their snowwhite slick smiles and brilliantine haircuts. Nashville was crowned “Cashville”: an easy way to raise some bucks by cashing in on the Country cow.

At the end of the nineties, Rock crosses over into two different directions: harder Blues Rock/Metal versus Country. What started as typical Folk Rock of the sixties, gradually got mixed up with Country and becomes Country Rock. This explains a great deal of overlapping between both genres. But via Folk Rock, Country Rock also reaches back to the fifties; to the pre-Merseybeat period. And this is its cardinal feature: Country Rock is specifically made for those who grew up with Rock ‘n’ Roll, but felt little connection with British or experimental Rock of the sixties. Most well-known artists have a pure Country background and are more interested in using the popularity of Rock to their advantage than the other way around. Strummed acoustic guitars (often 12-string), subtle drums and polyphonic vocals help combine the rebellious spirit of Rock ‘n’ Roll with the customs and arrangements of Country. Eventually Country Rock shakes off its rough feathers to breed Country Pop, though these genres are marginally different.

A lesser used term associated with Country Rock, is West Coast Rock: a loose affiliation of California based Country/Folk/Rock artists of the sixties and seventies. Another term, used as a radio format category, is “Middle of the Road” or MOR., because the music is a middle ground between Rock and Country. Although many MOR radio stations preferred all kinds of Country Pop & Rock, in strict terms it refers only to music before the age of Rock ‘n’ Roll.
","[""Alan Jackson"",""Anne Murray"",""B.J. Thomas"",""Barbara Mandrell"",""Barbara Mandrell & George Jones"",""Brooks & Dunn"",""Charley Pride"",""Charlie Rich"",""Clint Black"",""Conway Twitty"",""Conway Twitty & Loretta Lynn"",""David Houston"",""Dixie Chicks"",""Dolly Parton"",""Eddy Arnold"",""Eddy Raven"",""Garth Brooks"",""George Morgan"",""George Strait"",""Glen Campbell"",""Janie Fricke"",""Jim Reeves"",""Joe Nichols"",""John Michael Montgomery"",""Kacey Musgraves"",""Kathy Mattea"",""Kenny Chesney"",""Kenny Rogers"",""Kenny Rogers & The First Edition"",""Lady Antebellum"",""Lee Ann Womack"",""Linda Ronstadt"",""Loretta Lynn"",""Mac Davis"",""Mark Chesnutt"",""Martina McBride"",""Michael Utley / Robert Greenidge"",""Pam Tillis"",""Patsy Cline"",""Patty Loveless"",""Randy Travis"",""Rascal Flatts"",""Reba McEntire"",""Ricky Van Shelton"",""Ronnie Milsap"",""SHeDAISY"",""Sammy Kershaw"",""Sara Evans"",""Shania Twain"",""Shania Twain Feat. Billy Currington"",""Shania Twain Feat. Mark McGrath"",""Shania Twain/Alison Kraus/Union Station"",""Stonewall Jackson"",""Sylvia"",""T.G. Sheppard"",""Tammy Wynette"",""Tanya Tucker"",""The Bellamy Brothers"",""The Chicks"",""The Judds"",""The Secret Sisters"",""Tim McGraw"",""Toby Keith"",""Tracy Byrd"",""Travis Tritt"",""Troy Olsen"",""Vince Gill"",""Zac Brown Band""]"
20.08,Progressive Country & Outlaw Country,20.08: Country -> Progressive Country & Outlaw Country,1973,"In the seventies Country fused with Folk, Pop and Rock, creating many hybrid genres: the first wave was Country Pop, then Progressive Country, and a bit later Outlaw Country (after that followed Urban Country and finally Americana). Progressive Country revolted against the exaggerated slickness of Countrypolitan, using modern day, reflective lyrics. It was more about the songwriter and his message than to make people dance or buy albums. The artist becomes independent and this gets reflected in a Grunge-like image: dirty jeans, greasy hair, plain clothing. Just like Hardcore Country, it was reactionary, intellectual music from big cities with the attitude and instrumental influence from Rock. This form of Country Rock became more and more edgy and rebellious, earning the name Outlaw Country. But by 1978, Outlaw Country starts to dissolve already as the genre takes on different forms and reaches too much mainstream attention.
","[""Billy Joe Shaver"",""Bobby Bare"",""Candlewyck"",""Charlie Robinson"",""David Allan Coe"",""Eric Church"",""Guy Clark"",""Hank Williams, Jr."",""Jason Boland & The Stragglers"",""Jerry Jeff Walker"",""Joe Diffie"",""Johnny Cash"",""Kris Kristofferson"",""Merle Haggard & Willie Nelson"",""Mojo Nixon"",""Ray Charles & Willie Nelson"",""Ray Wylie Hubbard"",""Sarah Shook & the Disarmers"",""Steve Earle"",""Steve Earle & The Dukes (& Duchesses)"",""Steve Goodman"",""Sturgill Simpson"",""Townes Van Zandt"",""Tyler Childers"",""Waylon Jennings"",""Willie Nelson"",""Willie Nelson,Johnny Paycheck"",""Willie Nelson;Snoop Dogg;Kris Kristofferson;Jamey Johnson""]"
20.09,Urban Country,20.09: Country -> Urban Country,1979,"The so-called second wave of Country Rock actually shifted Country further away from its original roots. Instead of becoming more hardcore, it turned into a slick and glossy archetype. It was barely Rock at all, it was more Country Pop. The popularity of “Urban Cowboy”, a film from 1978 starring John Travolta, got the style going and also lended its name to the genre. With poster boys (or girls) singing catchy, emotional songs without much tempo or volume change, they created sentimental soundtrack music that seemed ripped right off the next big romance or teenage blockbuster. Electric guitars and pianos were used to give Country a more modern feel and Pop Rock/Soft Rock influences were used to appeal Urban Country to an even bigger audience. The hip image of newer country dance clubs, like in Urban Cowboy, became an exploited illusion to sell Urban Country en masse. The commercial (or even greedy) mindset of Urban Country evoked a strong backlash by a new wave of alternative Country musicians who explored opposite directions with Americana.
","[""Alabama"",""Anne Murray"",""David Allen Coe"",""Earl Thomas Conley"",""Janie Fricke"",""Jason Aldean"",""Johnny Lee"",""Luke Bryan"",""Mickey Giley"",""Uncle Kracker""]"
30,R&B,30: R&B,null,"Like the name implies, Rhythm ‘n’ Blues (“R&B” or “RnB”) is the powerful combination of two old music genres. Gospel (the Rhythm) on one hand, which provides an infectious groovy tempo that was already noticeable in its early barbershop days with handclapping and rhythmical vibrating voices. Blues on the other hand, which delivers warm chords and rich bass. “Gospel & Blues” combines diverse musical elements and is therefore a highly flexible hybrid genre, forming a bridge between many super-genres. R&B can be the middle ground between Blues and Rock, but also between Rap and Pop or Gospel and House, which makes it one of the most accessible music genres.

The cornerstone aspect of all R&B is the backbeat: the 2nd and 4th beat of each bar becomes accentuated, creating a strong cadence. Backbeat makes R&B highly danceable, eventually leading to Disco and the concept of nightlife dance culture and clubbing. R&B is also known for more complex rhythms and drums; the introduction of the breakbeat or a high emphasis on percussion. Instrumentation follows out of the basic Blues set-up: guitar, bass, and drums. Yet almost always one or more instruments are added, selected by their ability to create a richer sound and radiate a warm, cozy feeling: violins, synth, vibraphone, Hammond organ, or brass horns.<br><br>Although R&B is rather a diverse collection of genres, the common themes of optimism, love and joy recur in all of them. A positive vibe, amplified by invigorating performances by artists with a charismatic, radiant appearance, makes R&B among the most popular of genres. Such joy is a clear rupture with R&B’s predecessor, Blues. Some smaller exceptions (Early R & B, Doo Wop) and one big one (Disco) put aside, all R&B can be divided into three strong families even more known than R&B itself: Soul, Funk and Urban.

Soul is a secular and more pop oriented continuation of Gospel: gentle and emotional songs (usually about love) with high production values but even more benevolent willpower. Soul actually refers to a personal quality of high morality: a Soul person is a righteous being. Soul was the dominant mainstream music genre in the first half of the sixties and remained popular ever since. With multiple subgenres and three revivals (Neo-Soul, Vintage Soul Revival, and Future Soul), it is clear to see that Soul’s strength has barely diminished.

Funk evolves out of Soul but reaches out to Jazz and a bit of Rock to create even more rhythmical music, based on a single chord. Funk brings a repetitive pulsing groove around which every song is built, making the genre more dance-friendly than Soul. Funk likes to use electric bass or electro synth distortions to create a “greasy” sound, while the percussion section is hardly distinguishable from the melody or bass section: all the instruments have become one - the Funk groove. The word funk is derived from old slang for the smell of sex: enough said. Many Funk subgenres have emerged and recent revivals prove an undying popularity, although Funk has never been mainstream nor underground: it knows exactly how to stay on the edge of the spotlights. Something that could not be said of Disco: a blend of Funk and Soul that takes over the entire popular music scene in the late seventies.

Urban is the latest development of R&B, where it blends with Rap, Pop and a bit of Latin into a fusion that should function equally well for nightclubbing, album sales, live concerts or radio performances. Therefore Urban has become a very dominant music genre and often criticized for commercialism and shallowness. The word urban comes from the “Urban Contemporary” radio format, where the latest forms of R&B are played that are the most suitable for going-out (in city clubs, hence urban). As a result of Urban’s popularity, the general term R&B became synonymous with Urban and for many (young) people, these two genres are misinterpreted as one and the same. But real Rhythm ‘n’ Blues is an immensely large and diverse music family: a lineage with a tremendous passion and respect for its own productions, and usually with an almost obligatory request to get up and move.
",null
30.02,Doo Wop,30.02: R&B -> Doo Wop,1951,"Doo Wop is an often neglected, but familiar and characteristic genre. It’s being performed by girl or boy groups that sing in vocal harmony: one person sings lyrics while the others perform backing vocals in a polyphonic symphony of gibberish and mumbling, humming sounds or onomatopoeias (like “Doo Wop”, hence the name). Sometimes Doo Wop features no instruments at all, it can be purely a cappella; a step further in the already modest instrumentation of Rhythm ‘n’ Blues. But Doo Wop can just as easily feature a supporting band or accompanying instrument on top of its barbershop group. However, this minimal set-up was for most Doo Wop artists not a choice: they were so poor that they couldn’t afford any instruments. And while many of them wandered around in New York city, hoping for a glimpse of fortune and fame, only very few succeeded. The ones that did, had the joy of their success resonating in their music. In its smooth, warm, cheerful sound (a sort of peaceful post-war happiness), one can already distinguish the yet-to-come embrace of Soul. Doo Wop has experienced revivals in subsequent decades and influenced in subtle ways a number of cross-genre songs.
","[""Frankie Lymon and the Teenagers"",""Ink Spots"",""Orioles"",""Randy & the Rainbows"",""The Clovers"",""The Coasters"",""The Drifters"",""The Four Seasons"",""The Mills Brothers"",""The Platters"",""The Quotations"",""The Turbans""]"
30.03,Memphis Soul/Southern Soul,30.03: R&B -> Memphis Soul/Southern Soul,1959,"A lot of things had changed in 1959 since the ascent of R&B around 1943. It was a year of great opportunities and hope. In the southern and middle states of USA, black R&B musicians threw R&B, Gospel, Blues, and a bit of Country into a big melting pot. They were cooking something that was quite slow but also raw and emotional at the same time. This Rural aka Deep aka Memphis Soul became well known under the leading record company’s name: Stax, granting the name Stax Soul. Memphis Soul was not only the first kind of Soul, but also the most independent one. Musicians wrote their own music - straight from the heart - instead of producers or songwriters. The lyrics were often based on their experiences during the so called “Soul Circuit”: a trail in southern USA almost all Soul artists followed, with a high degree of love, sex and liquor along the way.

Deep Soul tracks are recognizable by their low tempo, the use of clipped guitar, and a lo-fi production compared to other Soul. The latter two characteristics also show a gradual evolution towards Funk, the immediate successor of Deep Soul. When the music caught on in the UK, it was renamed as Southern Soul. 

The genre rose greatly alongside national black awareness in the sixties, thanks to the civil rights movement and Martin Luther King. Southern Soul was the voice of black pride, but it wasn’t reactionary nor intimidating. Soul does not try to combat it opposes, instead it tries to disarm. Soul vocalists honor the Gospel tradition of forgiveness and harmony. The music is hopeful, warm and portrays intense stories about love and heartbreak that still sound sincere after all these decades.
","[""Aretha Franklin"",""Betty Harris"",""Bobby Mitchell"",""Chuck Carbo"",""Clarence \""Frogman\"" Henry"",""Dobie Gray"",""Dusty Springfield"",""Irma Thomas"",""Joe Jones"",""Johnny Adams"",""Martha Nelson"",""Mavis Staples"",""O.V. Wright"",""Otis Redding"",""Otis Redding,Carla Thomas"",""Percy Sledge"",""Reggie Hall"",""Sam & Dave"",""Sam Cooke"",""Sam and Dave"",""Sugar Boy Crawford & His Cane Cutters"",""The Commitments"",""The Dramatics"",""The Soul Children"",""The Staple Singers"",""William Bell""]"
30.04,City Soul,30.04: R&B -> City Soul,1962,"After the rural areas, Soul quickly caught on in the urban areas, where it lost a bit of that rural roughness (just as happened with Country). First almost immediately in Chicago (Chicago Soul) and a bit later in the motor city: Detroit. These urban types of Soul were more uptempo and happy than usual (i.e. Southern Soul could sometimes be tragic). The experimental melting pot was turned into a factory-produced popular recipe: a strong backbeat, a bouncy, melodic bassline, <v>four part harmony vocals</v> (often female), a tight snare drum, and usually tambourines. It was heavily produced, polished music, especially by that record company that became so well known that its name is a synonym for the genre: Motown. Compared to Chicago Soul, Detroit Soul has more an “industrial” sound and production, and is a lot more danceable. Motown’s rhythm sections (drum + bass or tambourine) were all very uniform but thoroughly contemplated. Chicago and Detroit Soul became exceptionally popular with both black and white audiences (hereby connecting the two cultures), whereas Memphis Soul was purely black oriented. 

In the UK, the B-sides of Motown records became popular as Northern Soul. Northern Soul is not really a separate genre. It started as a sales pitch to sell Motown to North-British youth, but soon exploded into a Rave-like subculture of wild parties, where the most dance-friendly, lesser-known Detroit Soul tracks were hunted and played from dusk till dawn.

After Chicago and Detroit, a third type of “city Soul” emerged (the term urban Soul applies to something else). This time it happened in Philadelphia, where Soul would have a huge influence on a lot of music to come. Philly Soul partly grew out of the early sixties Girl Groups (the Shirelles, the Crystals, the Ronettes), forming the bridge between Doo Wop and Philly Soul. These Girl Groups were strongly related to Brill Building Pop: heavily produced (e.g. by Phil Spector), premanufactered Pop songs with enormous success. 

Philly Soul shares many characteristics with Chicago and Detroit Soul, but it is even slicker and more commercial. Tragic and contemplative lyrics became replaced by playfulness. Philly Soul is not meant to listen to but to have fun with. The vocal interplay and horns are still present, but now they are accompanied by stimulating or sedative strings. Philly Soul is Proto-Disco: the seed that would grow the universal modern nightlife dance culture. 

Philly Soul launched a significant rise of white artists who also started to make Soul, dubbed “Blue Eyed Soul”. Especially after the success of Disco, Blue Eyed Soul flourished and continues to do so, though the technical definition of the genre is vague if any.
","[""Al Johnson"",""Aretha Franklin & George Benson"",""Barry White"",""Brook Benton"",""Diana Ross & the Supremes"",""Donnie & Joe Emerson"",""Donny Hathaway"",""Doris Troy"",""Dr. John / Rickie Lee Jones"",""Frank Wilson"",""George Benson Feat. Roberta Flack"",""Gladys Knight & The Pips"",""Gladys Knight & the Pips"",""Kim Weston / Marvin Gaye"",""Loleatta Holloway"",""MFSB"",""Majestic Arrows"",""Marvin Gaye"",""Marvin Gaye / Nickolas Ashford / Tammi Terrell"",""Marvin Gaye / Tammi Terrell"",""Mel Torme"",""Michael Jackson/Stevie Wonder"",""Patti Austin & George Benson"",""Philadelphia International All Stars"",""Ray Charles"",""Ray Charles & B.B. King"",""Ray Charles & Bonnie Raitt"",""Ray Charles & Diana Krall"",""Ray Charles & Elton John"",""Ray Charles & Gladys Knight"",""Ray Charles & James Taylor"",""Ray Charles & Johnny Mathis"",""Ray Charles & Michael McDonald"",""Ray Charles & Natalie Cole"",""Ray Charles & Norah Jones"",""Ray Charles & Van Morrison"",""Smokey Robinson & the Miracles"",""Stevie Wonder"",""The Crystals"",""The Delfonics"",""The Dells"",""The Four Tops"",""The Impressions"",""The Miracles"",""The O'Jays"",""The Ronettes"",""The Shirelles"",""The Spinners"",""The Supremes"",""The Three Degrees"",""The Velvelettes"",""Tony Clarke""]"
30.06,Early Funk & P-Funk,30.06: R&B -> Early Funk & P-Funk,1968,"Soul was very popular and melodic, but it wasn't really daring or danceable. After a while, artists started looking at Rock and Jazz for new elements. They preferred the psychedelic, rebellious nature of Acid Rock alongside the deep, dynamic part of Soul Jazz as flavours of choice for the revolutionary fusion that was Funk. James Brown, nicknamed “the hardest working man in show business”, spearheaded the evolution from Soul to what became known as Funk Soul and eventually Funk. But Funk's development was already tangible in the Swamp Funk of New Orleans from the forties, influenced by Louisiana creole. 

Funk places strong emphasis on the first beat of each bar while the rest of the rhythm constantly changes, like an early form of breakbeat. This is known as “The Rhythm of the One” (the one beat, instead of four or two). All instruments work together to enhance this feeling. Percussion becomes accentuated by short, monotone riffs, slapping bass, brass instruments, and accents on synth/piano to create what is known as “the groove”: the pulsing force behind each Funk song. Some bands, starting with Parliament and Funkadelic, introduced a more spacey and less syncopated sound, known as P-Funk.

Yet Funk does not try to blend all instruments into a carefully assembled and produced whole (like Soul) but it maintains their individuality to create a more organic sound. Funk tries to sound like primal energy or biological essence. Another difference with Soul is that Funk revolves less around songs and albums: the music is one continuous melting pot, where live performance and technical expertise are valued over touching lyrics and record production. The Apollo Theatre, New York, was such a place where many Funk artists blew the audience away with their virtuoso and vigorous performances.
","[""Averate White Band"",""Chaka Khan"",""Charles Wright"",""Curtis Mayfield"",""Earth, Wind & Fire"",""Funkadelic"",""Isaac Hayes"",""James Brown"",""Maceo & the Macks"",""Parliament"",""Prince"",""Sly and the Family Stone"",""The Bar-Kays""]"
30.06.01,Louisiana Funk,30.06.01: R&B -> Early Funk & P-Funk -> Louisiana Funk,null,"Regional funk style from New Orleans featuring second-line rhythms, brass band instrumentation, and syncopated polyrhythmic grooves.
","[""Alvin Robinson"",""Beau Jocque & The Zydeco Hi-Rollers"",""Big Chief"",""Bo Dollis & The Rebirth Brass Band"",""Bo Dollis & The Wild Magnolias"",""Bo Dollis, Monk Boudreaux, Rebirth Brass Band"",""Chris Kenner"",""Davell Crawford"",""Dirty Dozen Brass Band"",""Dr. John"",""Dumpstaphunk"",""Eddie Bo"",""Elvis Costello & Allen Toussaint"",""Ernie K-Doe"",""Flaming Arrows Mardi Gras Indians"",""Galactic"",""Gulf Aid AllStars;Preservation Hall Jazz Band;Mos Def;Lenny Kravitz;Trombone Shorty"",""Gumbo Kings"",""Hot 8 Brass Band"",""Huey \""Piano\"" Smith & The Clowns"",""Jessie Hill"",""Kermit Ruffins"",""Lee Dorsey"",""Lil Nathan"",""Mambo Boys"",""Rebirth Brass Band"",""Robert Parker"",""Rockin' Dopsie Jr & The Zydeco Twisters"",""Rockin' Dopsie Jr./Mambo Boys"",""Rockin' Dopsie, Jr."",""Soul Rebels"",""Stop, Inc"",""The Dirty Dozen Brass Band"",""The Meters"",""The Neville Brothers"",""The New Orleans Social Club & Big Chief Monk Boudreaux"",""The New Orleans Social Club & Cyril Neville"",""The New Orleans Social Club & Dr. John"",""The New Orleans Social Club & Henry Butler"",""The New Orleans Social Club & Irma Thomas & Marcia Ball"",""The New Orleans Social Club & Ivan Neville"",""The New Orleans Social Club & John Boutte"",""The New Orleans Social Club & Mighty Chariots of Fire"",""The New Orleans Social Club & The Sixth Ward All-Star Brass Band Revue featuring Brother Charles Neville"",""The New Orleans Social Club & The Subdudes"",""The New Orleans Social Club & Troy (Trombone Shorty) Andrews"",""The New Orleans Social Club & Willie Tee"",""The Nobles"",""The Wild Magnolias"",""Trombone Shorty"",""Various Artists"",""Walter \""Wolfman\"" Washington"",""Washington, Tuts"",""party boys""]"
30.07,Disco,30.07: R&B -> Disco,1972,"Some Philly Soul songs were accompanied by a pulsing, repetitive drum rhythm, which made them the best dance floor fillers in the exclusive gay clubs of New York (and elsewhere in lesser extent). With a dominant, accelerated 4/4 beat, sing-a-long diva choruses, catchy melodies (often intensified by sweeping strings), and much more superficial lyrics than Soul, producers had found such a perfect commercial combination of popular R&B elements that Disco broke out of its isolated environment and conquered the world in an unimaginable way. As pure ecstasy music, with no worries, Disco was all about having fun, sex, and dancing in the disc-o-theques: a new type of nightlife place, such as the infamous club Studio 54 in New York. What made these places and Disco groundbreaking, was the arrival of the very first continuous dance music: the genesis of the mix.

Like many revolutionary genres, Disco was the outcome of a synergetic concurrence of events. On one hand, the use of 12” records for singles allowed deeper grooves, and therefore better sound quality and harder beats; a must for later House records. On the other hand, the end of the Vietnam War in 1975, marked a moment of joy despite the actual loss of the war by the US. Yet the people had every reason to celebrate. Their protest had won, not the whims of a war-mongering government they did not support. Disco celebration - the pressure release after a decade of counterculture and protest - was without limits. Colorful dresses, afro-wig haircuts, disco balls, glitter, glamour, loose-fitting legs: all typical Disco elements that became popular, especially during the more commercial period of Disco in the late seventies. Before this, Disco was a careful evolution of Funk (“Disco Roots”) in exclusive parties by professional producers/DJ’s such as Francis Grasso and David Mancuso, starting in 1972. A pivotal moment between these two types of Disco was the film release of “Saturday Night Fever” in 1977, after which not a living soul on earth did not know what Disco was.

As one of the biggest mainstream hypes in the history of music, it is no surprise that Disco declined almost as fast as it peaked and that it sparked a wave of revulsion (symbolized by the infamous “Disco Sucks” tag). Although not without leaving a legacy of various Post-Disco genres and eventually what became known as “Disco’s Revenge”: House music.
","[""Boney M"",""Chic"",""Gloria Gaynor"",""Patrick Hernandez"",""Rene & Angela"",""Rufus"",""Sticky Fingers"",""The Bee Gees"",""The Trammps"",""Village People""]"
30.08,Go-Go & Bounce Beat,30.08: R&B -> Go-Go & Bounce Beat,null,"Go-Go is one of the smallest genres listed on the map. It can be seen as a subgenre of Funk, but a very distinctive one. By borrowing conga rhythms from Latin genres and putting more focus on percussion in general, Funk received a thriving tempo that seemed to never stop being on the move: it made the Funk go. This beating pulse could also be heard in Go-Go’s vocals. Go-Go is pretty straightforward Funk with little experimentation or technology. It stirred up as a popular bouncing fusion genre in Washington’s nightlife, where it remained a geographically isolated phenomenon. During the development of Old Skool Rap, Go-Go became more and more influenced by Hip-Hop, which is clearly audible in its funky breakbeats and uptempo lyrics. 

In the 21st century, a subgenre or successor of Go-Go, Bounce Beat, reinvigorates Washington’s nightlife. Bounce Beat is a harder, harsher, more modern version of Go-Go with influences from EDM and less emphasis on melody.  Bounce Beat groups are numerous party crowds, creating a distinctive rhythm: a ceaseless pounding but in a restless manner.
","[""Blak Heat"",""Chuck Brown"",""Chuck Brown & the Soul Searchers"",""Dj Dynamite Red"",""Experience Unlimited"",""Junk Yard Band"",""Rare Essence"",""Reaction"",""TCB"",""XIB""]"
30.09,Deep Funk/Rare Groove & Nu Funk,30.09: R&B -> Deep Funk/Rare Groove & Nu Funk,null,"Some may say that Funk is just Funk (which is hard to counter for fusion genres), but there is a difference between well known vocal (Early) Funk aimed at performing and the heavier, instrumental Funk focused on recording, known as Deep Funk. Although this genre already existed in the early seventies, the popularity of Disco pushed a number of artists underground during the eighties. Bass got stronger and breaks became more pronounced. The focus laid slightly less on fast drums and rolls but more on a slower tempo groove, pushing the music forward. Production was very raw and gritty like Southern Soul. Lots and lots of barely known artists brought out their own, more modern approach of their favorite genre, almost always on vinyl (particularly 45rpm singles). Although these records did get pressed, the number of editions was usually meager. These hard-to-find records (hence Rare Groove) were being hunted by Hip-hop, Acid Jazz, and Breakdance DJ’s everywhere (and still are). Rare Groove’s characteristics (heavy beats, instrumental, recording-focused, relatively unknown) make the genre ideal for sampling and extremely popular with Rap and Breakbeats artists.

Starting in the nineties, a new wave of international artists created their own version of Deep Funk, dubbed “Nu-Funk”. Nu Funk uses often Latin or exotic influences and more electronic means to create the music, but otherwise it is very similar to classic Deep Funk.
","[""Delta Rhythm Section"",""Fort Knox Fiveo"",""Incredible Bongo Band"",""Kraak & Smaak"",""Marsha Hunt"",""Rhythm Heritage"",""Sharon Jones & The Dap-Kings"",""Sir Joe Quarterman"",""The Bamboos"",""The JB’s"",""The Mohawks"",""The New Mastersounds""]"
30.10,Boogie/Electrofunk,30.10: R&B -> Boogie/Electrofunk,1984,"The Influence from Funk on Electro bounced back to Funk, forging electronic Funk and keeping da Funk in the eighties alive. This genre has many different subforms but to prevent further pigeonholing, it is advisable to regard all these names as one and the same: Synth Funk, Dance-Funk, United Funk, Naked Funk, Electrofunk and (Electro) Boogie. Sometimes Funktronica is used as an alias of Boogie as well, but this is actually a different genre. It must be noted however, that Boogie already existed before Disco, but was still in its very infancy then and not regarded as a separate genre. (Electro) Boogie is quite the opposite of Rare Groove: digital, polished, and rarely instrumental. Instead of faceless DJ’s hammering on the perfect deep groove, colorful bands in glittering costumes gave it all they got to keep the crowd boogie all night long. In Electrofunk, all brass and Jazzy instruments are replaced by synthesizer (and electric guitar), and intensified by heavy use of vocoder vocals, which give the music a robotic sound, without losing the swinging groove; tha boogie. Boogie is the performance of Glam Rock, the ecstasy of Disco, and the sexiness of Funk all-in-one. Something that only the eighties would regard as not over-the-top.
","[""Cameo"",""D–Train"",""Earth, Wind & Fire"",""Electrik Funk"",""Imaginationn"",""KC & the Sunshine Band"",""Kool & The Gang"",""Midnight Star"",""Morris Day & The Time"",""Prince"",""Rick James"",""The Gap Band"",""Zapp & Roger""]"
30.11,New Jack Swing/Swingbeat,30.11: R&B -> New Jack Swing/Swingbeat,1987,"Make no mistake, this genre has nothing to do with Swing. On the contrary, New Jack Swing (NJS) is the updated continuation of the Philadelphia Sound: the body of Philly Soul in a brand new jacket of Rap. Strong, funky breakbeats no longer form the rhythm for messages of protest or gangster lyrics, but for smooth, harmonic vocals talking about love and romance. Although many (male) New Jack Swing artists seemed like young, innocent casanovas, they often had hidden gangster habits, preluding an era of East Coast Gangsta Rap. Swingbeat (a synonym for NJS) is exactly the way it sounds: extremely catchy and funky with strong emphasis on beat.

he TV-series “The Fresh Prince of Bel-Air” starring Will Smith knew how to bring New Jack Swing to a larger audience, featuring some of its songs alongside that particular late eighties New Jack Swing fashion: loose Hip-Hop wear with flashy colors, round sunglasses, female dreads or male hightop haircuts. But what makes this genre of particular gravity is the marriage of Rhythm ‘n Blues and Rap into Urban, a strong bond that has never fallen apart since.

New Jack Swing evolves into Urban Soul, but sometimes overlaps with it as well. New Jack Swing was already known as Contemporary Soul or Urban Soul before the rise of the latter, after all. 
","[""Abstrac"",""Bell Biv Devoe"",""Bobby Brown"",""Boyz II Men"",""En Vogue"",""Guy"",""Heavy D"",""SWV"",""Soul II Soul"",""Today"",""Wreckx-N-Effect""]"
30.12,Neo Soul/Nu Soul,30.12: R&B -> Neo Soul/Nu Soul,1996,"During the nineties, Rhythm ‘n’ Blues started to cross over to many other popular genres, combined with a lyrical tendency towards shallow and popular content. Slowly the term R&B becomes a vassal for major record labels to ensure their profits, with Swingbeat as the first, careful step. Independent artists responded with a return to pure, untainted Soul. Especially female ones joined the cause, as a reaction to new R&B’s sexist or superficial approach.  Compared to older styles of Soul, this “Nu Soul” was stripped down and simple: only one singer instead of vocal harmonies, and not too many instruments. Often there are influences from Jazz Rap or Progressive Rap, with whom it shares the desire to express proud and honorable black awareness.  Although Neo-Soul is inclined to a non-commercial stand, production is highly polished and its diva stars surely had little financial worries during the heydays.

While Neo Soul has faded nowadays, a return to Soul of the sixties conquers more and more radio airspace in the nillies. This so called “Vintage Soul Revival” is barely a new genre, but it illustrates well how Soul has timeless and universal qualities. Very recently, new artists have blended Soul with Reggae, Rap, or Electro(-House) music into the catch-all genre “Future Soul”. It is still too early to define this genre, let alone assess its role in music history.
","[""Alicia Keys"",""Aloe Blacc"",""Amy Winehouse"",""Andra Day"",""Angie Stone"",""Cleo Sol"",""Dijon"",""Duffy"",""D’Angelo"",""EDDIE CHACON"",""Erykah Badu"",""Eryn Allen Kane"",""Jamie Woon"",""Jamila Woods"",""John Legend"",""Jorja Smith"",""Joss Stone"",""Khruangbin & Leon Bridges"",""Laura Mvula"",""Lauryn Hill"",""Macy Gray"",""Maeta"",""Me'Shell N'Degeocello"",""Mereba"",""Meshell Ndegeocello & Cat Power"",""Michael Kiwanuka"",""Sade"",""Tess Henley""]"
30.13,Urban Soul/Pop,30.13: R&B -> Urban Soul/Pop,1998,"Urban Soul/R&B or the “new” R&B is so omnipresent that it’s often identified with the general term R&B, ignoring five decades of musical evolution. Out of the popular Rap/R&B hybrid of New Jack Swing, a new hybrid gradually unfolds, bursting to life in 1998: real Urban Soul or the first wave of Nu R&B. Female, predominantly black artists changed New Jack Swing’s uptempo Hip-Hop sound to a slower, Soul infused ballad (but still much faster than regular Soul). With their sugar-coated voices – often in harmony or slightly autotuned – they swooped a sense of sentimentality over their songs. A sense discredited with shallowness and capitalism: pure Pop music and little R&B. The lyrical content could hardly dismantle this prejudice. Corny, timeless love themes seem to be the basic premise. But Urban Soul is still a lot more R&B than its successor, Urban Breaks. String arrangements, soulful vocals, an absence of sexual promiscuity, and a connection with earlier Disco-/Dance-Pop are all real R&B/Soul elements of Nu R&B’s first wave that would eventually get discarded. 

Although the genre might be considered formulaic Pop music and be partly despised for it, this simply proves that it succeeds in finding that perfect formula with Rap, Pop, and R&B ingredients which gets savored by the most.
","[""Aaliyah"",""All Saints"",""Amber Mark"",""Anita Baker"",""Brandy & Monica"",""Destiny’s Child"",""Ella Mai"",""J. Brown"",""Ja Rule ft. Ashanti"",""Jazmine Sullivan"",""Jennifer Lopez"",""Mariah Carey"",""Melanie Fiona"",""Sinead Harnett"",""TLC"",""Teyana Taylor"",""Toni Braxton""]"
30.14,Nu Disco & Funktronica,30.14: R&B -> Nu Disco & Funktronica,2007,"Nu-Disco focuses specifically on (Post-)Disco of the late seventies and Eurodisco of the early eighties. This is Disco semi-detached from Soul, while harboring a stronger beat, which makes it more accessible for the modern public. Just like Electroclash brought back Synthpop to an EDM-fatigued audience, so reinstalls Nu-Disco (Euro-)Disco with similar success. Nu-Disco recreates these “old” genres by using the latest equipment and technologies. This allows razor-sharp productions and crystal clear sounds (especially Electro and Boogie sounds). Apart from this updated sound though, the difference with the original era is minimal. A point that is further being stressed by the use of “edits”: rereleases of old songs without any alterations.

Funktronica emerges around the same time, and might be more or less interpreted as a Boogie Revival; a return of Synth Funk in the 21st century. Because Funktronica is influenced by Italo-Disco too, it shares much resemblance with Nu-Disco. Both genres signify a magical junction right in the center between Eurodisco, Chicago House and Electro Funk. After a long era of “cold” and “heartless” Electro-House, Nu-Disco and Funktronica become welcomed with open hands. From the moment the genre appeared on the website Beatport, along with its unknown DJ exponents, popularity kept increasing drastically: a possible omen that R&B’s Golden Age could return with a vengeance.
","[""Big Gigantic"",""Chromeo"",""Dimitri From Paris"",""Eric Prydz]"",""French Horn Rebellion"",""Greenskeepers"",""Justice"",""Lindstrøm"",""Micha]el Gray"",""RSL"",""Scissor Sisters"",""The Shapeshifters"",""Vitalic""]"
31,Blues,31: Blues,null,"Blues is almost as old as popular music itself. Its rich history streams through various genres, just like the Mississippi river carried musicians from Minneapolis to southern New Orleans. At first, Blues was dominantly associated with anything vice; it was regarded as the song of outlaws and criminals. But Blues must rather be seen as an outlet or cry for the people on the border of society: the poor, blind, unfortunate and particularly, the black. Blues before R&B was regrettably known as “race music”. Blues wins-over hearts because that’s where it comes from. It is sincere, but also blunt. No roses without thorns.

Early Jazz and Ragtime were bound to the city as they needed bars and other band members to thrive. They also usually needed large instruments like string bass or piano. These genres were more formal types of music, performed in a professional manner and requiring an audience. Blues was none of this. Blues musicians could travel and play anywhere with or without anyone. They were (and often still are) lone wolves in pursuit of happiness. However, happiness didn’t always come along that easily. If their music didn’t catch on, they tried their luck with gambling and often ended up losing everything. Many Blues artists tried their luck in the city, though it required a certain resourcefulness to keep heads above water here. Rent parties, thrown by migrating Blues and Jazz artists alike in order to pay the rent, helped spread Blues rapidly across many US cities.

Blues music (also known as Blue Music) is characterized by use of guitar, single at first and later complemented by drums and bass. Songs are written in an AAB rhyme, in harmonic sequences and onto a 12 bar 4/4 rhythm. Most recognizable about Blues is a progression of chords, in a call and response manner.  Chords also make use of blue notes: notes with an altered pitch. This gives Blues a typical melancholic, mournful sound, although for black musicians such connotation never existed.

The word Blues was already part of English language in the nineteenth century, describing a state of delirium tremens or depression associated with chronic alcohol abuse. As early blues musicians were often lonely men with a tragic or criminal history, addicted to liquor and drugs (cocaine in the early days), “the blues” was an everyday part of their life. In these substances they sought a cure for their blues. In their music they sought atonement for their deeds. It is often said that Blues is the opposite of Gospel: that the latter is the music of God, where the former is the music of the Devil.

The magnitude of Blues as a genre, has promoted a certain structural polarization: acoustic versus electric / modern versus classic / rural versus urban.  These pairs could have been separate super-genres, yet they are mere vague groups without clear boundaries. The rerelease of old 78rpm Blues records onto new 33rpm LP’s rejuvenated a strong interest in early acoustic Blues during the sixties; an interest that was further expanded by the popularity of acoustic Folk Rock. Alas, Blues was later pushed aside by its own children: Rock and R&B.

Sometimes contemporary Blues is mentioned as a subcategory, but as a genre it doesn’t really exist. There are virtually no sources clarifying it, nor can a cohesive definition be constructed. This is a very strange phenomenon, suggesting that Blues itself is as good as dead, being the only super-genre that hasn’t spawned a new genre in more than twenty years. In a way, contemporary Blues can be seen as a broad umbrella genre for all latest Blues musicians who do not fit into another genre. Usually the music is quite smooth, a bit pop-like, with jazzy electric guitars and a strong Blues Rock influence. Contemporary Blues illustrates a restless kind of Blues: music that does not really know where to go nor fits in. This pushes Blues even more into the role that made it popular in the first place - Blues is the sound of the howling underdog.
",null
31.01,"Folk Blues, Country Blues, & Delta Blues","31.01: Blues -> Folk Blues, Country Blues, & Delta Blues",1910,"Country Blues means rural Blues; Blues far away from the city, at a time when there existed almost no popular music whatsoever. Country Blues did not evolve out of Country music: it was the other way around.  Therefore the only existing music besides Folk and Classical music at the time of Blues’s conception was Gospel. Almost automatically, Blues becomes the antithesis of Gospel. Wandering black singers who lost their faith due to misfortune slowly but steadily developed their personal, secular type of Gospel or more accurately: “badspel”, as there was little positive news for them to tell. At first they simply used (cheap) banjos, and later bottleneck guitars on which they liked to play blue notes while singing AAB verses. The music was very spontaneous and improvised: singers would play any chords and sing any lyrics that would come to mind, but often about tragic or depressing events.

Folk or Country Blues has almost as many different subgenres as there are regions in southeastern US: Delta Blues, Acoustic Texas Blues, Memphis Blues, Atlanta Blues, Piedmont Blues, etc. <br>Delta Blues aka Mississippi Blues evolved around 1927 in the Mississippi Delta and remained a small but long-lasting subgenre. <br>Piedmont Blues encompasses different local Blues styles around the east coast (from Virginia to Atlanta) that exhibit a more Country-like sound. <br>And Hokum Blues is a very early and fast type of Blues with piano and two guitars where humor and innuendo play a great deal of importance: proto Boogie Woogie.

Folk or Country Blues doesn’t die but keeps lingering as a parallel Blues stream, even when Classic Blues and Jazz start to build up momentum. The appeal of minimal, DIY, sincere Blues music ensures that many subgenres remain alive until this very day.
","[""Arthur Gunter"",""Blind Lemon Jefferson"",""Blind Willie Walker"",""Charley Patton"",""J. Carter & Prisoners"",""John Lee Hooker"",""Leadbelly"",""Lonnie Johnson"",""Mississippi John Hurt"",""Papa Charlie Jackson"",""Robert Johnson"",""Robert Wilkins"",""Sam 'Lightning' Hopkins"",""Son House"",""Taj Mahal""]"
31.02,Vaudville/Classic Blues,31.02: Blues -> Vaudville/Classic Blues,1923,"Classic Blues is not the first type of Blues, but the name can be explained by its feat as the first Blues genre to go on record (and thus one of the first recorded popular music in general). Also known as <v>Vocal</v> or Female Blues, Classic Blues is a whole different story than Country Blues. Under the influence of classy Jazz musicians, Blues was reshaped into an upper class phenomenon played in theaters in the big city, and therefore regarded as a sort of vanguard of urban blues (albeit completely different in form). Instead of freewheeling male rebels in shady bars, the music was performed by well-dressed female vocalists on stage during vaudevilles. These were professional divas already familiar with stage performance, and who turned their eye on Blues once it became popular, though they were accompanied by Jazz instruments.

Vaudeville shows were adult-only, and often included sexually themed lyrics (in a very explicit manner). As Classic Blues formed an early link with Jazz, rural Country Blues evolved in the opposite direction and became rougher and more guitar-oriented. When Prohibition in the US ended, so did Classic Blues, paving the way for something less formal but equally bold: Boogie Woogie.
","[""Alice Leslie Carter"",""Bessie Smith"",""Ida Cox"",""Leon Redbone"",""Lucille Bogan"",""Lucille Hegamin"",""Ma Rainey"",""Mamie Smith"",""Martha Copeland"",""Saffire--The Uppity Blues Women"",""Virginia Liston""]"
31.03,Boogie Woogie/Piano Blues,31.03: Blues -> Boogie Woogie/Piano Blues,1928,"Inspired by Ragtime music, Blues got introduced to the piano by the end of the twenties, forming Piano Blues but better known as Boogie Woogie. Similar to Ragtime, left hand provided a steady bass and the right hand provided the treble counterpoint.  The result was a very rhythmic, syncopated Blues, much more uptempo and happy than usual. The piano also made it possible to add a 4/4 beat, with accent on 2nd and 4th beat. Hence, Boogie Woogie introduced the backbeat into the world of music: a milestone of great significance. Boogie Woogie’s backbeat is called a shuffle, and it made people’s feet move everywhere.

Boogie Woogie formed the ideal relief after the Great Depression and epitomized music removed of inhibition following the end of prohibition. As a post-depression natural muscle stimulant, Boogie Woogie rapidly became the drug of choice in the thirties, and it wouldn’t take long before “doing the boogie” was a common phrase for dancing to this hyperactive type of Blues.

Of course, Boogie Woogie is or was often abbreviated to Boogie, but this is deliberately avoided here to not cause confusion with the other, unrelated genre Boogie. Another synonym for the genre – Barrelhouse Blues - is derived from a bar at the time where most of the music was played: a barrelhouse. In rather a “loose” atmosphere than a tight one, Barrelhouse Blues was extremely infectious. Of particular interest were the barrelhouses in New Orleans where Piano Blues evolved into New Orleans Blues during the forties, which laid one of the foundations for Funk.
","[""Albert Ammons"",""Amos Milburn"",""Champion Jack Dupree"",""Charles Davenport"",""Clarence Smith"",""James Booker"",""Little Brother Montgomery"",""Peetie Wheatstraw"",""Pete Johnson"",""Piano Red"",""Professor Longhair"",""Roosevelt Sykes"",""Walter Roland""]"
31.04,(Electric) Texas Blues,31.04: Blues -> (Electric) Texas Blues,1936,"Texas Blues is one of the most important types of Country Blues. Like so many other genres, Texas Blues evolved from a strictly acoustic style to an electric one. The addition of electric guitars wouldn’t happen until the late forties, but this changed it into something else: proto Blues Rock. Blues suddenly sounded a lot more edgy, emotional, and rough; something that made up the core of Blues, but which it had lost along the way (with all the hyperactive, jazzy types of Blues). Because this modern approach ironically put Blues back in touch with its roots, electric guitars were suddenly found in all types of Blues, whether it was Delta, Texas, Memphis, Chicago, Detroit or whatnot. Strictly speaking, Electric Blues is therefore an umbrella term, but a very real and important one. (Electric) Texas Blues is characterized by exuberant showmanship; its musicians like to impress the audience with energetic solos and assertive performance. Despite its modest popularity, Texas Blues was of great influence to more modern Blues genres and the primary exponent of Country Blues.
","[""Albert Collins"",""Clarence Brown"",""Freddie King"",""Johnny Copeland"",""Johnny Winter"",""Lowell Fulson"",""Memphis Minnie"",""Pee Wee Crayton"",""Sam Myers & Anson Funderburgh"",""Stevie Ray Vaughan"",""Texas Johnny Brown""]"
31.05,Jump Blues,31.05: Blues -> Jump Blues,1940,"The appeal of grand parties with a big band found its way to (Piano) Blues at the end of the thirties. More instruments were added to Piano Blues, especially brass (including saxophone) but also rhythm guitars. The result was a much larger band than usual with less focus on the singer: a combination of Jazz and Blues. Singers were forced to use as much volume as possible or combine their voices to drown out the band, which led to the concept of “shouters”. The audience reinforced the rhythm with abundant clapping accompanied by the piano. Jump Blues intensifies Boogie Woogie’s backbeat further to make a sort of “Dance Blues” or “Beat Blues”. Shouting, clapping, backbeat, big bands…: Jump Blues is unmistakably the most swinging, optimistic and humorous type of Blues, a large contrast with some other Blues genres.

When the rest of the world was concerned with WWII, the East Coast of the US seemed to live in a happy bubble with this uptempo, bouncing, rolling, rumbling and tumbling music (and let's not forget jumping of course). But Jump Blues also became highly popular in the West Coast, where it was played at L.A.’s clubs and evolved into West Coast Blues.

Jump Blues is proto Rhythm & Blues and therefore proto Rock ‘n’ Roll, which implies that it was simply too popular and catchy to be constrained within the family line of Blues. 
","[""Big Joe Turner"",""Cab Calloway"",""Deanna Bogart"",""Jay McShann"",""Jimmy Witherspoon"",""Kid King's Combo with Good Rockin' Sam Beasley"",""Louis Jordan"",""Roy Brown"",""Roy Milton"",""Solid Senders"",""Wynonie Harris""]"
31.06,Chicago Blues/City Blues/Urban Blues,31.06: Blues -> Chicago Blues/City Blues/Urban Blues,1946,"Chicago Blues has been around since the Great Depression. Slowly the genre developed during the thirties and forties, albeit in a much different way than what is usually referred to as Chicago Blues. What was originally a strictly acoustic, more reserved type of music, changed into a loud and angry son of a gun after World War II. Postwar urban migration skyrocketed in 1946 and brought different types of rural Country Blues together in the northern cities of the US (not only Chicago). Blues musicians from various backgrounds tried their luck in the big city, and ended up influencing each other. At first, the music was not that much different from Country Blues, but there was a spawning pool of talent where musicians could team up and learn from each other. Busy city neighborhoods and large house parties however, urged the need for louder music. The introduction of the electric guitar in the forties wasn’t just luck; it came right at the time it was most needed for the survival of urban Blues. Amplified harmonicas, drums, amplified guitars and loud, raunchy vocals suddenly gave Blues a heavily modernized sound.

Sometimes Chicago Blues is further divided into West Side Blues and East Side Blues (the names are self-explicatory), but these are rather obscure genres. Chicago Blues ushered in a new age for Blues, and has been arguably the most influential type of Blues ever since. But the revolutionary sound takes only partly credit; fierce, raw, dynamic voices in vibrato give Chicago Blues a much more aggressive and darker appearance than other Blues, like a caged monster breaking free from its chains.
","[""Albert King"",""Bo Diddley"",""Buddy Guy"",""Buddy Guy & Junior Wells"",""Elmore James"",""Hound Dog Taylor & The HouseRockers"",""Howlin' Wolf"",""Howlin’ Wolf"",""Jimmy Reed"",""John Lee Hooker"",""Junior Wells"",""Koko Taylor"",""Lil' Ed & The Blues Imperials"",""Little Walter"",""Luther Allison"",""Muddy Waters"",""Shemekia Copeland"",""Son Seals"",""Sonny Boy Williamson"",""Tampa Red"",""Willie Dixon""]"
31.07,West Coast Blues,31.07: Blues -> West Coast Blues,1956,"East Coast Blues is the umbrella term for Piedmont Country Blues and Jump Blues, both more ‘jazzy’ types of Blues. Therefore it’s not really a well-defined genre, whereas West Coast Blues certainly is. A bit surprisingly, West Coast Blues is also very jazzy but not in a cool and relaxed way like East Coast Blues. West Coast Blues radiates a typically West Coast warm, delicate, and rhythmical aura. The genre is heavily based on the piano, yet also received influences from different genres of Blues (and of course West Coast Jazz) thanks to artists migrating to the west. The piano can be accompanied or replaced by a Blues guitar, but played in a jazzier manner. Just like East Coast Blues, West Coast favors technical sophistication and a certain finesse over unbridled emotion or introspective lyrics. It is Blues wrapped in a gentle blanket, with an unmistakably smoothened sound. Many night clubs favored this blanket: the lightweight sound never impedes intimate conversations, and lyrics are more politically correct than other forms of blues. Yet it remains true Blues, capable of piercing the heart once in a while. Similar to West Coast Jazz, it became the stereotypical background music for bluesy night bars, whether live or recorded.
","[""Amos Milburn"",""Charles Brown"",""Ivory Joe Hunter"",""J.J. Malone"",""Jesse Fuller"",""L.C. Robinson"",""Little Charlie & The Nightcats"",""Lowell Fulson"",""Pee Wee Crayton"",""Percy Mayfield"",""T- Bone Walker""]"
31.08,Louisiana Blues,31.08: Blues -> Louisiana Blues,1959,"Deep in the swamps of Louisiana, not only Country but also Blues was made. As one could expect, this was slow, plain, Country-like Blues. In this isolated and humid wilderness, Creole Folk music already existed long before Blues. One of the first types, (black) Cajun, mixed with Rhythm ‘n’ Blues into Zydeco, a French type of proto-Blues. Both Cajun (music) and Zydeco are known for their driving beat, dotted with harsher or unusual sounds like washboards.

After some time, Zydeco evolved into Lousiana Blues, particularly in Baton Rouge, capital of Louisiana. The music became the soundtrack of the environment, which from that moment on would naturally be associated with rural, southern swamps: haunting echos and plenty reverb, cricket-like sounds, and slow, trembling guitars. The “swamp sound” was mostly dominated by accordion and harmonica, further enriching a stereotypical atmosphere associated with the music.
","[""A Little Of All"",""Alton \""Big Al\"" Carson"",""Big Al And The Heavy Weights"",""Big Al Carson"",""Big Robert Smith"",""Bill Wharton"",""Carol Fran & Clarence Hollimon"",""Charles Sheffield"",""Chris Thomas King"",""Crawl"",""Greg \""Fingers\"" Taylor"",""Guitar Gable"",""Jimmy Anderson"",""Lazy Lester"",""Leap Frog"",""Lightnin' Slim"",""Lightnin’ Slim"",""Lonesome Sundown"",""Lynn August And The Hot August Nights"",""Marcia Ball"",""Raful Neal"",""Robert Pete Williams"",""Rockin’ Sidney"",""Silas Hogan"",""Slim Harpo"",""Snooks Eaglin"",""TV Slim"",""Tab Benoit"",""Tabby Thomas"",""Whispering Smith""]"
31.09,Soul Blues,31.09: Blues -> Soul Blues,1973,"The decline of Soul (due to the rising popularity of other genres) was mourned by many. Especially the earliest type, Stax Soul, became the subject of grief, which golden days were already long gone by the late seventies. Poor black communities of the Southern states felt nostalgic about this rough, emotional and sometimes tragic music, to which they could relate more than than contemporary genres. As a part of the regional culture, Stax Soul got reinstituted but in the form of a crossover with Blues (making it even more emotional, and often melancholically sounding). It is nevertheless not incorrect to speak about a Southern Soul revival or a second wave, and perhaps even advisable to differentiate the genre from another type of Soul Blues. This other style  already existed in the fifties and is known as New Orleans Soul or New Orleans Blues, which was a strong influence on both Soul and Funk. New Orleans Blues – a first wave of Soul Blues – is a very emotional, melismatic type of Blues, often featuring falsetto vocals. Unsurprisingly this type of Soul Blues was quite similar to early Rhythm ‘n’ Blues.
","[""B.B. King"",""BB King"",""Bobby \""Blue\"" Bland"",""Bobby Bland"",""Bobby Rush"",""Booker T & the MG’s"",""Champion Jack Dupree"",""Dalton Reed"",""Earl Gaines"",""Earl Gaines & His Hi-Toppers"",""Etta James"",""Marva Wright"",""Memphis Slim"",""Michael Burks"",""Otis Clay"",""Robert Cray"",""Robert Ward"",""The Holmes Brothers"",""Tommy Tucker""]"
31.10,Hill Country Blues & Trance Blues,31.10: Blues -> Hill Country Blues & Trance Blues,1990,"“Hill Country” refers to a specific region in Northeast Mississippi where a more radical style of Delta Blues was being developed, almost as old as Blues itself: Hill Country Blues. This style has no 12 bar rhythms, and is more riff and percussion based than other Country Blues styles. It can be a very pure, almost stripped type of Blues with classic instruments, sometimes only an acoustic guitar. This makes it reminiscent of Delta Blues but with a faster, highly rhythmic, repetitive tempo intensified by the punctuated, shivering sound of guitar or harmonica, guaranteed to entrance the listener or give one goose bumps.

The hypnotic quality of Hill Country Blues was further extended in the nineties, due to experimental use of techniques atypical of Blues such as sampling, mixing or digitally creating. Hill Country Blues evolved into something else: Trance Blues. With the use of repetitive breakbeats or cut-and-paste sound loops, a continuous and eclectic style emerges that surprises the average Blues fan with a modernized sound.|
","[""Booker White"",""Bukka White"",""Fred McDowell"",""Jessie Max Hemphill"",""Junior Kimbrough"",""Otis Taylor"",""R.L. Burnside"",""Robert Belfour"",""Screamin’ Jay Hawkins""]"
32,Gospel,32: Gospel,null,"The very first popular music genres came from a variety of influences but the foundations were laid in the United States. Before Blues and Jazz developed themselves, a number of “proto-genres” responsible for that development, were already known and popular throughout the country: Ragtime, Stride, Jug Bands, and Skiffle. But the most important one was Gospel. Gospel evolved from the fragile voice from black slaves into an undeniably huge genre with many subgenres. Gospel shakes off pretty fast its racial dimension: black and white join hand in hand to sing the song of God. Because Gospel is more about faith than about race; about believing in a better world and future and connecting different souls.<br><br>As Gospel expands and diversifies, questions are raised about the integrity of some artists and the music itself. Are some in it for the money or do they really speak the word of the Lord? Nowadays, Gospel is rarely a part of mainstream music media but without it, there would be no Rhythm ‘n’ Blues or perhaps even no popular music at all. However, in many churches and religious communities (especially in the southern part of the US) Gospel lives on strongly and is heavily produced, sung and experienced in sermons that induce ecstatic bliss in listeners, the likes other subcultures have never seen.<br><br>Though Gospel is already eclectic on its own, almost every popular music genre – from Rap to Metal – has been reshaped into a Gospel subgenre. Therefore a precise definition of Gospel in a broad sense is lacking, but the genre has some characteristics. Vocals for example, are usually sung in a “call-and-response” manner: a legacy from old church sermons, where the priest sings one part and the choir responds that same part. Not to create a cappella backbeat rhythm (although it was), but simply because of the fact that most church attendants were illiterate. Early Gospel only had piano accompaniment. Percussion was achieved by voice and handclapping. However, one should not underestimate the amount of rhythm achieved in traditional Gospel, another key characteristic of the music. Other pioneering popular music genres work with whatever set-up they could find or afford; easy to produce instruments like banjo or sometimes rudimentary tools such as washboards, kazoos, or jugs.  Modern or contemporary Gospel draws cues from any genre and therefore works with a whole variety of instruments.<br><br>The word “gospel” comes from two Old English words: “good” (which lost a vowel and became misinterpreted for the word God) and “spel”, which means a story or a message. Thus gospel is actually the same word as godspel or goodspel: fortunate news. This etymology is quite interesting, because it transcends Gospel’s religious (and narrow) dimension: the music is first and foremost a bringer of good news, no matter what faith one has: a herald of joy. And this is the power of Gospel: Gospel gathers people together, incites a sense of community, and inspires to do good, to bring good and to feel good.<br><br>Gospel is frequently forgotten as a super-genre in music genealogies, pushed away by bigger and more dominant families such as Blues, R&B, or Jazz. The collection of Gospel music is substantial though, with countless artists – even today – connected by their Christian faith. However, Gospel has taken on so many forms and styles that a common ground besides the message is sometimes hard to find. As the oldest popular music genre - the matriarch – it should be no wonder that Gospel has changed substantially throughout the years, but it has survived for more than a century: an accomplishment other genres still have to achieve.<br><br>
",null
32.01,Traditional Gospel,32.01: Gospel -> Traditional Gospel,1880,"Between 1880 and 1930, Gospel slowly evolved from small, flickering Spirituals to a bright, popular flame, sung and known by many American people, <b>both black and white</b>, but all <b>fundamentally Christian</b>. Gospel started as <b>emotional church hymns</b>, with a <b>call and response choir</b>. This means that one part of the choir sings a part and the other responds in a different key (harmonizing). This <b>alternating play of chords with unusual intervals</b> would become an important trademark in a lot of popular music. Early or Traditional Gospel (sometimes known as <b>Jubilee</b>) is mostly music performed by <b>barbershop quartets</b>. But after Ragtime, it received accompaniment by a <b>piano</b>. Because there were almost no instruments, the lyrics were obviously important, talking about nothing but <b>good news, hope, and bliss</b>. At the turn of the century, the first Gospel composition was created. By 1920 the term “Gospel songs” was first used, and they were practiced in <b>rural, southern America</b> by both black and white people (albeit in slightly different forms). The black form of this “<b>Southern Gospel</b>” evolved by 1930 into what is known as “<b>Black Gospel</b>”. By this time Gospel was a well established music genre, with real artists instead of enthusiasts.
","[""Fisk Jubilee Singers"",""Golden Gate Quartet"",""Mahalia Jackson"",""Paulette Wright - Davis"",""Rev. C.L. Franklin"",""Sam and Louise Sullivan"",""Soweto Gospel Choir"",""The Blackwood Brothers"",""The Blind Boys Of Alabama"",""The Fairfield Four"",""The Sallie Martin Singers"",""The Stamps Quartet"",""Thomas A. Dorsy"",""Willie Mae Ford Smith""]"
32.02,Modern Gospel,32.02: Gospel -> Modern Gospel,1947,"After World War II, Gospel changes dramatically, which is why it’s being marked as a different genre, though in many music genealogies, this is not the case. <b>Record labels, radio stations, and promoters</b> get interested in the music, as religiously themed music is <b>commercially</b> a more than viable path. This Modern or <b>Progressive Gospel</b> differs from Traditional Gospel in a clear and present <b>influence from Blues</b> and especially early <b>Rhythm ‘n’ Blues</b>. Although instrumentation is scarce (often a <b>single piano or guitar or both</b>), a <b>strong beat</b> surfaces through <b>full chords or hand claps</b>. Sometimes a floor mounted pedal steel guitar is being used, giving name to the subgenre “<b>Sacred Steel</b>”. But Modern Gospel is not about the instruments, but about the voice and message of God. Sung by <b>Barbershop quartets</b> or strong <b>diva</b> mezzo-sopranos, the number of dominantly black Gospel artists (especially <b>women</b>) rose exponentially in the fifties and <b>large Gospel concerts</b> start to take hold. This gives a nationwide sense of <b>black awareness</b>: Modern Gospel becomes the<b> herald of Soul</b> music; a feat beyond comparison. Nevertheless, the influence of “the Devil’s music” Blues starts to <b>outrage</b> certain Gospel fans. The rising fondness for money and fame from artists who started out with nothing accept their faith, accumulates to a growing aversion for what is pejoratively called <b>secular</b> Gospel.
","[""Brother Joe May"",""Dixie Hummingbirds"",""Jessy Dixon"",""Marie Knight"",""Original Gospel Harmonettes"",""Pilgrim Travelers"",""Soul Stirrers"",""The Harmonizing Four"",""Urban Praise""]"
33,Jazz,33: Jazz,null,"Jazz is music performed by an ensemble of players, each (very) specialized and proficient in their respective instrument. The usual Jazz instruments are: trumpets, saxophones, clarinets, trombones, string-bass, and piano alongside drums and a jazz-guitar. The interaction between these players is crucial. Compared to Rock or Blues, Jazz musicians follow no completely predetermined scores. They have to “feel” what the others are about to play and how the music will evolve. Yes, there are chords and melodies forming an identifiable foundation for each song, but improvisation and instantaneous experimentation are never absent. In a way, true Jazz music can only be experienced live. Each performance is supposed to be different. Jazz therefore is part of a thriving nightlife subculture in (Jazz) bars all over the world. The difficult aspect of improvisation probably explains why Jazz of all the super-genres is the most (if not always) instrumental, experiments the least with sound effects and plays more with structure, patterns and rhythms, reminding us a lot of Classical Music.<br><br>Jazz provides an interesting combination of (lower class) African American folk music with (upper class) European amusement and classical music. As such, Jazz has never been as racially defined as Blues is and is undoubtedly laudable for bonding these subcultures. Jazz ensembles are divided in different sections: the rhythm section (bass, drums, and piano) provide a steady beat throughout the track, while the melody section (horns) plays the chorus altogether and afterwards separately with solo’s.
The precise origin of the word Jazz has been lost over the course of time. Three possible explanations exist, though none of them might actually be the truth. One suggests that the word is black slang for the ensemble. Another hypotheses tells us that its roots lie in an early Jazz band named “Razz” or an early musician named “Jazbo”. Or the name might also be slang for “Jasmine”, the most common perfume for prostitutes working in early twentieth century brothels (where Ragtime and Jazz developed).<br><br>The power of Jazz lies in its rich contrast: improvised versus predetermination, chaos versus control and light and gentle sounds versus sharp and shrill tones. Jazz is also unique in influencing many genres in a subtle manner. Although there are no immediate derivative genres coming from Jazz, countless ones have been influenced by it. Its unique concepts and instrumentation are versatile enough to transfer to the most diametrical of popular music genres.<br><br>Over the course of history, there have been attempts to divide Jazz into a small number of categories, which could have been super-genres in their own right. Names such as “Traditional or Post-Jazz”, “First, Second and Third Stream (Jazz)” have been viable options at one time or another, but hold barely any relevance in today’s styles of Jazz.  One possible way to structure this whole is by using two pivotal moments - the birth of Bebop and Fusion - to divide the whole into three time periods: Classic Jazz, Modern Jazz and Post-Jazz (aka Post-Fusion or Free-Bop).<br><br>In the mid-seventies Jazz gets strongly repressed and overshadowed by R&B. Many American Jazz musicians migrate to Europe, where funded Jazz festivals and Jazz bars in historical city centres thrive better than in the States (particularly in Scandinavia and Eastern Europe).  Currently, American Jazz education is on the rise, but general public interest has stayed off. Post-Jazz has therefore become a global and heavily dispersed phenomenon of a genre that once was the sound of a nation.
",null
33.01,New Orleans & Dixieland Jazz,33.01: Jazz -> New Orleans & Dixieland Jazz,1915,"The very first type of Jazz was played in the <b>background</b> of <b>bars</b> (barrelhouses), <b>brothels</b>, and <b>cabarets</b> by a small band. It first appeared in New Orleans thanks to the <b>melting pot</b> present of Ragtime, Haïtian Folk, Creole Folk and Country Blues. New Orleans was not only home to <b>Dixieland marching bands </b>and a main port for <b>sea travel with Cuba</b>, but a former <b>French colony</b> as well. Cuban music, French music, and marching bands all heavily influenced Jazz, making it one of the most diverse musical stews. <br><br>The music was not rough and emotional like Blues, but <b>balanced</b> and <b>reserved</b>. The basic instrument ensemble for New Orleans Jazz is trumpet, clarinet and trombone; a very modest but complementary trio, filling all frequencies and improvising around each other. No instrument dominates: they all communicate and play out their melodies at each other in a <b>counterpoint</b> manner. The technique of counterpoint came into Jazz through Cuban <b>Contradanza</b> (or Habanera) music, which in turn came from French Contredanse. All three instruments also <b>improvise collectively</b> instead of separately, an important difference with later Jazz. Improvisation and experimentation were common in Jazz and stimulated by frequent <b>marihuana</b> use, as the drug was still legal in the U.S. during the 1910s and 1920s. <br><br>After a while, Jazz bands <b>expanded</b> and became performed by <b>white artists</b>, leading to a slightly different sound (more instruments) which is known as Dixieland Jazz, though the difference is negligible. 
","[""Firecracker Jazz Band"",""King Oliver"",""King Oliver's Creole Jazz Band"",""Louis Armstrong"",""Magnificent 7ths Brass Band"",""Olympia Brass Band"",""Original Dixieland Jazz Band"",""Preservation Hall Jazz Band""]"
33.02,Ragtime,33.02: Jazz -> Ragtime,1890,"Ragtime is a peculiar genre unlike anything else listed on the Carta and an important pioneer of Blues and (especially) Jazz, forming a sort of link between popular and earlier non-popular music. At the end of the nineteenth century we see this music, inspired by <b>European brass</b> bands, French <b>contredanse</b> and <b>banjo dance</b> music, emerging in any <b>saloon, bar, or bordello</b> in the United States that harbored a <b>piano</b>. Ironically Ragtime is the complete opposite of the stereotypical far-west or southern US brothel image: <b>disciplined, structured and calm</b>. Only one person and a piano form this genre. The song structure varies a lot, but is completely written out with no room for improvisation. <b>One hand</b> plays the <b>melody</b>, while the <b>other</b> plays the (also changing) <b>bassline</b>, which creates a certain tension between melody and bass. The name is derived from the earliest examples of these “broken” rhythmic songs, known as “rags”. Remarkably, a revival of Ragtime appeared almost a century later in the seventies.<br><br>In the early twenties Ragtime evolves into Stride which allows for more <b>improvisation and showmanship</b>. Ragtime and Stride own a lot of their popularity to <b>Foxtrot</b>: a popular dance that emerged in the 1910s.
","[""Arthur Collins"",""Bunk Johnson"",""Eubie Blake"",""James P. Johnson"",""James Scott"",""Jelly Roll Morton"",""Joseph Lamb"",""Preservation Hall Jazz Band"",""Scott Joplin"",""Thomas Fats Waller"",""Tom Turpin"",""Willie the Lion Smith""]"
33.03,Chicago Jazz,33.03: Jazz -> Chicago Jazz,1926,"During America’s period of prohibition, Chicago became a very popular <b>transportation hub</b>, connecting various parts across the country. As the first true “<b>city Jazz</b>”, Chicago Jazz influenced (and got influenced by) many musicians, also Blues artists. Its importance however is rather modest compared to Chicago Blues. Where the <b>Windy City</b> proved beneficial in bringing different regional styles of Blues together, the upside for Jazz was more superficial as Jazz started primarily in one region. However, Chicago provided the possibility for numerous <b>young white artists</b> to come in contact with this unknown black music and alter it to a more <b>“European” sound</b>. Chicago Jazz has more <b>changes in composition</b>, includes <b>harmonies</b> and is <b>densely textured</b> with <b>many solos</b>. While the music became more convoluted, it also received a “windy” overhaul, with <b>cold, harsh and grouching sounds</b>, fitting for Chicago’s climate. The latter aspect has given Chicago Jazz the alias “<b>Hardcore Jazz</b>”. The genre remained somewhat popular, due to its stereotypical sound that combines the <b>hyperkinetic</b> with the <b>lunatic</b>. Because it is also one of the oldest Jazz genres, recordings are very <b>lo-fi</b>, adding to an already <b>comical nature </b>of Chicago Jazz, and often used much later in cartoons or slapstick films. Ironically there was no humor at the base of Chicago Jazz, only the unbridled ambition of white youngsters.
","[""Bud Freeman’s Windy City Five"",""E.C. Cobb & His Corn-Eaters"",""Eddie Condon"",""Jelly Roll Morton"",""Jimmy MacPartland"",""Joe Sullivan"",""Max Kaminsky"",""Miff Mole & His Molers"",""Muggsy Spanier""]"
33.04,Swing,33.04: Jazz -> Swing,1930,"The gradual expansion of Jazz bands synergized with an increasing demand for <b>escapist music</b> during the thirties. After all, the world had just experienced its biggest <b>financial crisis</b> ever, where suicide was not out of the ordinary. Sheltering in the frivolous yet deafening sound of Big Band Jazz, man and woman, <b>black and white alike</b>, gathered in parties to deny the cold reality outside and experience this new craze: Swing. <br><br>Swing started with Jazz bands of ten instruments, but soon <b>orchestras of 17 instruments</b> became the standard; one can see that the phrase “big band” is not exaggerated. The setup consists of <b>more reed and less brass</b> instruments. <b>String basses</b> are also added. The music is very <b>catchy</b>, with call and response tunes, <b>hooky riffs</b>, and a 4/4 beat that makes it hard to stand still. Swing songs are <b>highly structured</b> compared to other Jazz. First the melody is played by all instruments. Then comes the vocal part with solos after which the chorus comes, consisting mostly of high notes.<br><br>The music was accompanied by its own dance, also called “Swing” or “<b>swinging</b>”, which has remained popular ever since. Related dances, such as<b> Lindy Hop</b>, were (and are) also commonly applied to Big Band Jazz. Remarkably, Swing became <b>revived during the Second World War</b> for an even greater moment of escapism. While enemy forces were bombarding the outskirts of the city, people partied and danced their worries away on the tunes of Swing, which could only be described as a Kafkaesque spectacle.
","[""Abe Lyman & His California Orchestra"",""Arne Domnérus Band"",""Artie Shaw & His Orchestra"",""Ben Pollack"",""Ben Selvin & His Orchestra"",""Benny Carter & His Orchestra"",""Benny Goodman"",""Benny Goodman & His Orchestra"",""Bert Ambrose & His Orchestra"",""Bert Lown & His Hotel Biltmore Orchestra"",""Big Bad Voodoo Daddy"",""Billie Holiday"",""Billy Eckstine & Sarah Vaughan"",""Bing Crosby"",""Bob Crosby & His Orchestra"",""Bunny Berigan & His Orchestra"",""Cab Calloway & His Orchestra"",""Cab Calloway and His Orchestra"",""California Ramblers"",""Casa Loma Orchestra"",""Charlie Barnet & His Orchestra"",""Chick Webb"",""Chick Webb & His Orchestra"",""Claude Hopkins"",""Claude Thornhill"",""Count Basie"",""Count Basie Orchestra"",""D'Orsay Dance Orchestra"",""Django Reinhardt"",""Domnerus Group"",""Don Albert"",""Don Redman"",""Don Redman & His Orchestra"",""Duke Ellington"",""Duke Ellington & His Orchestra"",""Duke Ellington Orchestra"",""Earl Hines"",""Earl Hines & His Orchestra"",""Eddie Duchin"",""Elliot Lawrence"",""Erskine Hawkins"",""Fletcher Henderson"",""Fletcher Henderson & His Orchestra"",""Frank Griffith Big Band"",""Fred Elizalde"",""Gene Krupa"",""Gene Krupa & His Orchestra"",""Glee Cast"",""Glenn Miller"",""Glenn Miller & His Orchestra"",""Golden Terrace Dance Orchestra"",""Gus Arnheim & His Orchestra"",""Harry Connick Jr."",""Harry James & His Orchestra"",""Haymes, Joe & His Orchestra"",""Hudson-De Lange Orchestra"",""Isham Jones & His Orchestra"",""Jack Jenney"",""Jack Teagarden Orchestra"",""Jan Savitt"",""Jimmie Lunceford"",""Jimmie Lunceford & His Orchestra"",""Jimmy Dorsey & His Orchestra"",""Joe Gumin & His Orchestra"",""Joe Venuti & his Orchestra"",""John Kirby Sextet"",""Johnny Hamp & His Orchestra"",""King Carter & His Royal Orchestra"",""Lambert, Hendricks & Ross"",""Les Brown"",""Les Brown & His Orchestra"",""Louis Armstrong & His Orchestra"",""Louis Prima"",""Louis Prima & His Band"",""Louis Russell & His Orchestra"",""Luis Russell"",""McKinney's Cotton Pickers / The Chocolate Dandies"",""Mills Blue Rhythm Band"",""Musical Reflections"",""Paul Whiteman Orchestra"",""Ray Noble & His Orchestra"",""Red Nichols"",""Red Norvo & His Orchestra"",""Richard Himber & His Ritz Carleton Hotel Orchestra"",""Stan Kenton & His Orchestra"",""Stone, Eddie & His Orchestra"",""Ted Black & His Orchestra"",""Ted Lewis"",""Ted Lewis & His Band"",""Ted Wallace & His Campus Boys"",""Ted Weems & His Orchestra"",""Teddy Hill"",""Teddy Raph & His Orchestra"",""Teddy Wilson"",""The Brian Setzer Orchestra"",""The Dorsey Brothers Orchestra"",""The Manhattan Transfer"",""Tommy Dorsey & His Orchestra"",""Trevor Horn Orchestra"",""Urbie Green"",""Various/Unknown"",""Victor Arden-Phil Ohman & Their Orchestra"",""Waring's Pennsylvanians"",""Will Bradley & His Orchestra"",""Woody Herman & His Orchestra""]"
33.05,Progressive Jazz & Model Jazz,33.05: Jazz -> Progressive Jazz & Model Jazz,1937,"The whole of Jazz music is sometimes divided into three categories or “<b>streams</b>”: First there was <b>Traditional Jazz</b> (quite formal) which could be seen as the opposite of the experimental, second stream: <b>Modern Jazz</b>. The <b>third stream</b> was reserved for the type of Jazz that was neither, but a <b>merging between Classical Music</b> (particularly Chamber music) <b>and Jazz</b>.<br><br>Experimentations between these two genres existed long before Modern Jazz, so it wasn’t until 1957 that composer Gunther Schuller coined this <b>ambiguous term</b>. The <b>quest for coexistence</b> between classical music and a popular genre that was partly defined in its non-classical properties (such as improvisation) proved to be a slippery slope. Third Stream Jazz is certainly not a strong subcultural movement, but more a<b> collection of experimental Jazz songs</b> over the course of time. Obviously Third Stream songs are more <b>intricate</b> with <b>longer and deeper progression</b> (thus “Progressive Jazz’) than other types of Jazz, but when the avant-garde of the sixties invented Free Jazz, Third Stream’s relevance shrunk to absolute zero. Now, classical composers could learn more from Jazz than the other way around.<br><br>As a response, Third Stream’s definition was broadened to include<b> crossovers to World Music</b>, yet it remains one of the lesser known Jazz genres. A different successor at the end of the fifties, <b>Modal Jazz</b>, improvises on a series of scales instead of chords. Like the “Math Rock of Jazz”, Modal Jazz is defined (solely) by its highly technical, rational and mathematical structure.
","[""Bill Russo"",""Charles Tolliver"",""Colin Stetson"",""Eric Dolphy & John Lewis"",""François Houle, Benoît Delbecq"",""George Russell"",""Gunther Schuller"",""Jaimie Branch"",""Modern Jazz Quartet"",""Neneh Cherry & The Thing"",""Paul Whiteman"",""Stan Kenton"",""The Gil Evans Orchestra"",""Wacław Zimpel""]"
33.07,Bebop,33.07: Jazz -> Bebop,1945,"Genres that grow too big eventually will fall. This was no different with Swing. Not only became it difficult to maintain such large, expensive orchestras, but more and more white people were copying the music. Though Jazz had always been less racially restricted than Blues, a number of black Jazz musicians felt a need to redefine <b>black Jazz culture</b> with a new, radical genre: Bebop. Their dissatisfaction is reflected in Bebop’s trademarks: <b>frantic, chaotic and aggressive</b>.<br><br>Bebop (or simply “Bop”) is one of the most <b>revolutionary</b> types of Jazz (and music). Why? Because it makes the music <b>faster by making it slower</b>. How? By stretching (thus slowing down) the tempo, a lot of <b>silent gaps</b> opened up between the beats. This free space could be filled in freely (<b>improvised</b>) with drum <b>rolls</b>, rhythmic <b>breaks</b> and <b>superfast, harmonic melodies</b>, usually in <b>vibrato</b>. Musicians also regularly imitate trumpet solos with their voice, leading to a new, fast singing technique called “<b>scatting</b>”. The word “bebop” itself comes from scatting, as it is as an often used <b>onomatopoeia</b>. The difference between Jazz from the past was so huge, that people eventually coined the term “<b>Modern Jazz</b>”, which later also included other experimental genres such as Hard Bop and Free Jazz.<br><br>Many wannabe Bebop musicians went downhill because they wrongly believed that <b>heroin</b>, which was very cheap during the forties, was an inherent part of Jazz culture. Their <b>personal</b> but also <b>social problems</b> (racism) illustrate the dark side of Bebop. This was no happy music, but the psychotic screams of struggling musicians, who didn’t care whether you loved or hated their music. <br><br>Around 1982, Bebop experiences a strong revival known as <b>Neobop</b> (or sometimes called Neo-Con (= conservative) Jazz). A lot of <b>young</b> Jazz <b>scholars</b> were not interested in the new possibilities of Fusion, and chose to concentrate on the old school (with influences from Free and Modal Jazz):<b> straight, acoustic Jazz</b> but <b>rich</b> and <b>vibrant</b>. A type of Jazz where they could show off their <b>technical skills</b> that would otherwise have been masked by the eclecticism of Fusion.
","[""Anita O'Day"",""Babs Gonzales"",""Charlie Parker"",""Charlie Parker Quintet"",""Dexter Gordon"",""Dizzy Gillespiea"",""Fats Navarro"",""Kenny Clarke Group"",""Max Roach"",""Roy Haynes Trio"",""Sarah Vaughan"",""Thelonious Monk""]"
33.08,Cool Jazz & West Coast Jazz,33.08: Jazz -> Cool Jazz & West Coast Jazz,1950,"Cool Jazz is an evolution of Bebop, where the music is approached in a more <b>rational, reserved and calculated </b>manner: <b>in a “cool way”</b>. “Keeping cool” was an important part of the spirit of the fifties, after all. Cool Jazz <b>emphasizes sound</b>, trying to make each note as <b>crisp and clean</b> as possible by providing <b>high contrast</b> in frequency and tempo between its different sections. The use of <b>counterpoint</b> is common as well. Furthermore, the autonomy of notes is being stressed through <b>solos</b> (often many different solos at the same time). Overall, the genre appears as a <b>lightweight and relaxed</b> form of Jazz, yet heavily structured and complex, reminding of <b>Classical</b> music (which was a big source of inspiration).  The perfect habitat for this <b>smooth, calm type of Bebop</b> is the laidback <b>west coast of the US</b>, which developed its own type of “Cool”: West Coast Jazz. Cool Jazz is mostly performed by white artists, with more influences from “white music” such as classical music. The genre experienced an early demise, lacking the passion and emotion of other (black) Jazz genres. Be that as it may, Cool Jazz remains the stereotypical background music for <b>sophisticated jazz bars</b> where intellectuals hold philosophical conversations till the wee hours of the morning.
artists: [""Dave Brubeck"",""Chet Baker"",""Stan Getz"",""Claude Tornhill"",""Modern Jazz Quartet"",""Stan Kenton"",""Mel Lewis Septet"",""Chico Hamilton"",""Gerry Mulligan""]
","[""Andrea Wolper"",""Antonio Carlos Jobim"",""Astrud Gilberto"",""Blossom Dearie"",""Melanie De Biasio"",""Miles Davis"",""Shirley Horn"",""Stan Getz""]"
33.09,Hard Bop,33.09: Jazz -> Hard Bop,1953,"In an attempt to take back Jazz listeners that had turned to R&B, many (east coast) Bebop musicians changed their sound into something more accessible: Hardbop. Hardbop is a more <b>modern evolution of Bebop</b>, but not particularly “harder”, despite the term. The music is <b>smoothened out</b> and more <b>emphasis</b> is being put <b>on the rhythm</b>. The “Cool School” of the west coast had also provoked a certain disdain by Bebop players, with its exaggerated rationalism and lack of pathos. Hardbop formed the <b>emotional answer</b> but it in a very<b> basic and gentle</b> manner and not chaotic at all. Alongside these influences, the arrival of <b>longplay records</b> (at 33rpm) allowed for longer songs and longer solos. Numerous <b>alternating solos and chords</b> (of different instruments, sometimes even bass and drums) are being played in a <b>call and response manner</b>. Hardbop is played by small ensembles and is often described as heaving a more “bodied” or “textured” sound. Since its inception, Hardbop has been the <b>dominant genre</b> in Jazz. When Jazz is performed in Jazz bars or performances, it is highly likely to be Hardbop. There are two Hardbop subgenres: <b>Funky Jazz</b> (simple, with bluesy sound) and <b>Mainstream Hardbop</b> (more complex, closer related to Bebop).
","[""Art Blakey & Jazz Messengers"",""Art Farmer"",""Charles Mingus"",""Claudio Roditi"",""Cory Weeds Quartet"",""Horace Silver"",""John Coltrane"",""Lee Morgan"",""Marcus Roberts"",""Rene Marie"",""Sonny Rollins"",""The Cannonball Adderley Quintet"",""Wes Montgomery""]"
33.10,Soul Jazz/Jazz Funk,33.10: Jazz -> Soul Jazz/Jazz Funk,1957,"Soul Jazz is one of the smallest genres of Jazz. In fact it can be seen as an overlapping <b>subgenre of Hard Bop</b>. Its influence is extremely important however, leading directly to <b>Funk</b> (hence the alias Jazz Funk). As an <b>eclectic</b>, heavily <b>R&B-influenced</b> type of Jazz, it’s sometimes very hard to separate Soul Jazz from Fusion or Soul Blues, especially later recordings. Soul Jazz is music for a <b>small Bebop band</b>, with the addition of more rare Jazz instruments such as <b>(Hammond) organs and tenor saxophones</b>. These instruments create a <b>thematic, smooth, relaxing</b> sound that indulges the listener in a feeling of warmth and comfort. <br><br>Soul Jazz was created for a <b>young, urban target audience</b> that felt less connected with the more complex and chaotic styles of Jazz. The plain, <b>downtempo, rhythmic melodies</b> were easy to get into. Likewise was a continuous, <b>repetitive bassline</b> on the foreground, like a primitive version of the Funk groove. But most importantly is Jazz Funk’s credit as a forerunner of <b>black civil rights</b> in the US, alongside Modern Gospel. The alarming amount of white artists within West Coast Jazz circles, created a backlash of black artists taking up Jazz careers.
","[""Bobbi Humphrey"",""Canonball Adderley Quintet"",""Dinah Washington"",""Gil Scott-Heron & Makaya McCraven"",""Grover Washington Jr."",""Horace Silver"",""Jimmy Smith"",""Lou Donaldson"",""Nina Simone"",""Reuben Wilson Trio"",""Richard Holmes"",""Shirley Scott"",""Stanley Turtentine"",""The Headhunters""]"
33.11,Fusion/Jazz Rock,33.11: Jazz -> Fusion/Jazz Rock,1970,"Acoustic traditional Jazz (also called Straight Jazz) reached its saturation point at the end of the sixties: due to its experimental nature almost every genre was already invented. Jazz had to <b>cross over into</b> the territories of the hottest music of the time: <b>Funk</b> for example, but mainly <b>Rock</b>. This powerful reinvention became so popular and well-spread, with many derivative genres, that it simply was called “<b>Fusion</b>”, although Jazz Rock is also a correct term. Fusion fuses traditional Jazz melody and rhythm and Jazz elements such as <b>improvisation and complex interplay</b> with <b>Rock instruments</b> (electric guitars, basses, synth), amplification, and <b>simple harmonies</b>. <br><br>The main structure was <b>similar to Free Jazz</b>, as once again, Fusion was invented by Miles Davis (who invented four different Jazz genres throughout his career). Rock influences came mostly from Acid Rock, although Fusion artists were also interested in Progressive Rock and during the seventies, there was quite some overlapping between Prog Rock of that time and Fusion. Jazz Rock marked the end of a Jazz Era (Modern Jazz) and the beginning of a new one (<b>electronic Jazz</b> or Post-Jazz).
","[""Billy Cobham"",""Chick Corea"",""Herbie Hancock"",""Joseph Patrick Moore"",""King Gizzard & The Lizard Wizard & Mild High Club"",""Mahavishnu Orchestra"",""Miles Davis"",""Return to Forever"",""Stanley Clarke"",""The Tony Williams Lifetime"",""Weather Report""]"
33.12,Smooth Jazz,33.12: Jazz -> Smooth Jazz,1975,"The Jazz era after Fusion - also known as <b>Post-Fusion</b>, Post-Jazz, or Freebop – had to deal with the growing popularity and commercial approach of R&B, particularly Disco. As such, an offshoot of Fusion known as Smooth Jazz, became the favorite <b>puppet of</b> Jazz-related <b>record companies</b>, more profit-fixated than before. Experimentality became replaced by <b>radio friendly</b>, easy-listening music. Smooth Jazz aka <b>Pop Jazz</b> is supposed to sell - en large - with a slick, heavily<b> produced and</b> of course <b>smooth sound</b>. Jazz’s commercial direction is a striking part of the seventies “me generation”, where capitalist yuppies replaced naïve hippes. Of all different Jazz genres, it’s one of the <b>plainest</b>, with only <b>one or two instruments</b> playing melodies. Often there’s a <b>saxophone</b>, which is characteristic for Smooth Jazz’s (unintentional) <b>erotic connotation</b>: the music genre was a staple in erotic films or scenes during the late seventies and early eighties. After this period, Smooth Jazz also sparked reinterest in soft Pop music and paved the way for New Adult Contemporary (N.A.C). Critics, especially fans of classic and complex Jazz genres like Bop, describe Smooth Jazz as <b>cheesy and predictable</b>. Derogatory genre names like “<b>Fuzak</b>” and “<b>Hot Tub Jazz</b>” (New Age Jazz) reassert their opinions, while also holding a certain ground.  After all, Smooth Jazz is often catered as <b>background music</b> for bars or restaurants or just to relax at home. Be that as it may, its overall popularity is still significant, because it delivers exactly what it promises: <b>Easy-Listening</b>.
","[""Candy Dulfer ft. Dave Stewart"",""Dave Grusin"",""David Sanborn"",""George Benson"",""Kenny G"",""Kenny G."",""Larry Carlton"",""Larry Linkin"",""Laura Fygi"",""Najeee"",""Rippingtons"",""Spyro Gyra"",""Yellowjackets""]"
33.13,Acid Jazz,33.13: Jazz -> Acid Jazz,1988,"Acid Jazz is a crossover genre gone too far: there is barely any Jazz left in it. There’s actually almost zero ‘acid’ about it as well, except a slight <b>psychedelic</b> sound, placing it high on the chart for poorly chosen genre names. In fact it’s more of the deepest funky Fusion combined with Rap, so <b>Fusion Rap</b> would be more appropriate. But the name is no error: Acid Jazz was a deliberate and <b>firm reaction</b> from the British Soul scene <b>against</b> the fiddling “nonsense” of<b> Acid House</b>. The leading record label – also named Acid Jazz – was determined to compensate Acid House with what they regarded as “quality music”, heavily influenced by <b>Rare Groove records</b>. <br><br>A steady Hip-Hop <b>breakbeat</b>, lots of <b>percussion</b>, Jazz harmonies and funky basslines (often with the aid of a synthesizer) are the key flavors of Acid Jazz. These elements blend perfectly until the <b>roots</b> of the genre are <b>no longer traceable</b>. It was a short but popular <b>craze</b>, right before EDM conquered the music scene. Due to its highly danceable nature, a new type of dance, <b>Jazzdance</b>, was invented along with it (which became more or less a synonym of the music itself). It can be hard to separate Acid Jazz from Jazz Funk with heavy breaks, if it wasn’t for the (abundant) use of <b>vocals</b>.
","[""Galliano"",""Groove Collective"",""Incognito"",""James Taylor Quartet"",""Jamiroquai"",""M-People"",""Max Sedgley"",""Red Baraat"",""Stereo MC’s"",""The Brand New Heavies"",""Tony Allen, Dave Okumu & Joan As Police Woman"",""US3""]"
33.14,Nu Jazz/Electro Jazz,33.14: Jazz -> Nu Jazz/Electro Jazz,1995,"During summer afternoons or evenings, in <b>picturesque</b> metropolitan <b>suburbs</b> (such as Saint-Germain, Paris), Nu-Jazz would be the ideal <b>background music</b> for any café terrace or coffee bar. It is electronic, <b>melodic, playful Jazz</b> with lots of <b>soothing, ambient</b> sound effects that wash over the gentle Jazz percussion like a warm summer breeze. Being made <b>entirely electronic</b>, it marked the end of the traditional Jazz band. All Jazz music from Nu-Jazz and forward – dominantly electronic and often home produced like EDM – is conjoined under the portmanteau “<b>Future Jazz</b>”. Future Jazz succeeded where contemporary Blues failed: renewing Jazz in the 21st century.<br><br>Nu Jazz, also known as <b>Jazztronica, Phusion</b> or Electro Jazz, can have a broad range of influences, such as <b>deep basses</b> from Ambient House or Deep House, <b>groovy drum rhythms</b> from Breakbeat, and exotic percussion from Latin genres. This makes Nu-Jazz a core genre (or the) of the second or <b>electronic wave of Lounge</b>, and it’s easily mistaken for Broken Beats or other Lounge genres. But these influences are subtle enough to not masquerade the fact that it truly is Jazz. Nevertheless, Nu-Jazz differs radically from older Jazz genres in means of production (<b>solo and recorded</b> versus live and in band) and its electronic sound. Hence, most Jazz enthusiasts regard Nu-Jazz rather as a rupture instead of a continuation within Jazz and encourage its classification among non-Jazz genres (Lounge, House, Breakbeat, Downtempo…). But in the realm of music, tradition is a bad advisor for survival.
","[""Alabaster dePlume"",""Alex Kid"",""Ben Lamar Gay"",""DJ Cam Quartet"",""David Axelrod"",""De-Phazz"",""Grand Tourism ft. Terry Callier"",""Jazzanova"",""Llorca"",""Marc Moulin"",""Pino Palladino & Blake Mills"",""Saint-Germain"",""Tananas"",""Trüby Trio""]"
33.15,Original Afrobeat,33.15: Jazz -> Original Afrobeat,1960,"Afrobeat is a dynamic West African music genre pioneered by Fela Kuti that blends traditional Yoruba rhythms, highlife, and jazz with American funk and soul. Key artists in this tradition include Femi Kuti, Seun Kuti, and Antibalas.Genre DescriptionCore Sound: Combines heavy, infectious funk grooves, intricate percussion, jazz horns, and chanting vocals.Song Structure: Features long-form tracks (often 10 to 30 minutes) that start with a slow-building instrumental jam before vocals and explosive horn solos enter.Large Orchestras: Uses massive bands with multiple guitarists, bassists, drummers, and a large horn section.Political Message: Built on strong, critical anti-corruption and pro-African political lyrics.

It is important not to confuse this with Afrobeats (with an s), which is a less folk-focused and more modern/hip-hop sounding genre.
","[""Antibalas"",""Fela Kuti"",""Fela Kuti & Afrika 70"",""Fela Kuti, Afrika 70 & Ginger Baker"",""Femi Kuti"",""Hugh Masekela"",""Orchestre Poly-Rythmo"",""Tony Allen""]"
34,Caribbean & Afrobeats,34: Caribbean & Afrobeats,null,"Jamaican music is regrettably often reduced to its most popular export Reggae. Reggae’s international appeal quickly surpassed the threshold which defines world music. This becomes very clear when compared to the music of neighbouring countries like Cuba and Haiti. But there are more Jamaican music genres that all have become more popular than world music. What is even more important than their popularity is the fact that Jamaican music creates a critical shackle between Rock, Rap and Dance. Almost all Jamaican music genres share certain characteristics which not only give them a very distinguishable sound but also explain the tremendous influence on other genres, particularly British ones. As Jamaica used to be a British colony until 1962 (which is after the rise of Ska), the import of Jamaican music into the UK has always been thriving (like the cargos from the infamous Trojan record label for example).<br><br>Jamaica had no radio stations at all let alone music television. The only way for Jamaican public to enjoy music they didn’t have to buy themselves, was by attending local “sound systems”: very large, mobile stereo systems with different types of speakers and turntables. To supply these sound systems with records, there were recording studios everywhere.  Therefore, Jamaican music is focused on recording, not performing. Live gigs were virtually non-existent and vinyl reigned supreme.  It is no wonder that many pioneering recording and loudspeaker techniques were invented in Jamaica. Because of sound systems, Jamaican music is made to be played outdoors (with the exception of Dancehall). This is particularly noticeable in the dedication (mainly amplification) on the drum and bass parts. Unsurprisingly, Jamaican music has always been extremely popular at festivals abroad, which helped Jamaican music popularity move forward.<br><br>The Jamaican culture of record producing and spontaneous sound systems has been around as long as the music itself, i.e. even as early as Mento.  This means that Jamaica also introduced the concept of the DJ long before Eurodisco and EDM. The “Disk Jockey” or record player is known as the “Selecta” or selector. The DJ works together with the “MC” or “Master of Ceremony”, who does the “toasting”: Jamaican slang for adding live vocals. The MC also provides “peps”, which are speedy vocals in a Jamaican dialect (that may sound like gibberish) to pep up the crowd, later annexed by Drum ‘n’ Bass. In the beginning the Selector and the MC was one and the same person, but as these two occupations became separated from each other, their respective responsibility increased. Sound systems expanded as well, evolving in more than just a big piece of equipment. They became a treasured relic for a posse of involved artists and technicians. Such sound system posses regularly held battles against each other, to see who had the best records, mixing skills, or toasting talents. More often than not, these battles escalated in a hail of violence: imagine two neighborhood street parties of feuding families shooting at each other.<br><br>Another characteristic of all Jamaican music is a strong emphasis on the offbeat. This gives the music a laidback sound, ideal for warm outdoor weather and smoking marihuana. Indeed, cannabis – cultivated on Jamaica itself – is also partly responsible for the way most Jamaican music sounds, although its influence on the genre must not be exaggerated.<br><br>Besides all technical elements that define Jamaican music, there are other elements which have become a custom overseas, leading to Jamaican or Reggae subcultures in various other countries. Rastafarian colored artwork (red-yellow-green), similar fashion, or dreadlocks as a haircut for example. Dreadlocks were originally a Rastafarian symbol of spirituality, rebellion, individualism and proudness of race (as dreadlocks are something other races cannot so easily obtain). Jamaican music after all is more about non-conformity and originality than anything else. Jamaicans only play what they like. If it is not how they want it, they alter it. If it stops being made, they make it themselves. If it doesn’t exist, they invent it. Unfortunately, the island has ceased to produce any truly original genres since Ragga. Yet one would do well to keep a close eye on any music it brings forth.
",null
34.01,Mento,34.01: Caribbean & Afrobeats -> Mento,1951,"All Jamaican music didn’t just appear out of thin air of course. A long and diverse culture of (European and African) <b>Folk</b> music already existed on the Island. This slowly led to the first real popular music genre: Mento. Mento was mostly <b>Calypso</b> (a Latin genre from Trinidad & Tobago) with <b>R&B influences</b>. Because Jamaica forms a junction between American, Latin and other music, Mento featured a whole <b>plethora of different instruments</b>, sounding more chaotic than harmonic. The most important thing however, were the unique lyrics; singers didn’t sing but spoke in a rhythmical and improvised way on top of the music, which was called “<b>Toasting</b>”. These “toasts” would much later be a major influence on Rap and Drum ‘n’ Bass. Mento can be regarded as a Folk music genre instead of a popular one, but being the pioneering Jamaican music genre, it makes sense to include it. Mento artists liked to think of themselves as a part of <b>aristocracy</b>, because the country was still a British colony in the fifties. This is shown in nobility titles such as Prince, Lord, Count, Duke, and King, which became a bit of a tradition in Jamaican music. After Mento, “<b>Bluebeat</b>”, a New Orleans based type of Rhythm ‘n’ Blues named after a record company, paves the way for Ska.
","[""Count Lasher"",""Harry Belafonte"",""Lauren Aitken"",""Lord Christo"",""Lord Composer"",""Lord Flea"",""Lord Fly"",""Lord Lebby"",""Louise Bennett""]"
34.02,Original Ska,34.02: Caribbean & Afrobeats -> Original Ska,1960,"Ska really put the Jamaican music scene on the map. The nearest American city, New Orleans, brought its own version of <b>R&B (Bluebeat)</b> to the island where the sound was drastically changed. Sound effects like <b>echos</b> and advanced electronic instruments like <b>turntables and sound systems</b> (e.g. the famous Channel 1 and Cocksone Campbell systems) made this possible. The R&B rhythm of Bluebeat became accompanied by a<b> marching beat,</b> an influence from Rock 'n' Roll. Although there are (African) vocals, Ska (like a lot of Jamaican music) is more about the sound and feeling: <b>optimistic, serene and peaceful</b>. Blissful Jazzy riffs, <b>horns and staccato guitars</b> are the main tools to achieve this. Ska is also known for its <b>large brass orchestras</b> (10-20 people) dominating the music, whereas bass is rather simplistic with accent on the offbeat.<br><br>When Detroit Soul and Philly Soul started to <b>eclipse New Orleans Soul</b> (Southern Soul) and New Orleans Blues, Ska experienced a sharp rise, as the Jamaican public - fond of the <b>Crescent City’s music</b> - was forced to take matters in their own hands. This happens simultaneously with the <b>independence of Jamaica</b> in 1962, providing a tremendous opportunity to create a <b>unique and national sound</b> for a new country. Ska becomes a huge success, accompanied by its own jagged, hyperactive type of dancing: <b>Skank</b>. With two subsequent and important <b>ska-revivals</b> (abroad), skank also receives an overhaul and gets picked up later by Hardcore Punk & Jump Up. For the sake of clarity, this genre is therefore pinpointed as the <b>first wave of Ska</b> or <b>Jamaican Ska</b>
","[""Arthur Kay"",""Bad Manners"",""Big 5"",""Derrick Morgan"",""Desmond"",""Desmond Dekker"",""Ernest Ranglin"",""International Beat"",""Jimmy Cliff"",""Judge Dread"",""King Edwards"",""King Hammond"",""Laurel Aitken / Potato 5"",""Loafers"",""Mark Foggos Skasters"",""Maroon Town"",""Natural Rhythm"",""Owen Gray"",""Potato 5"",""Prince Buster"",""Ska Boys"",""Skaboom"",""Skadows"",""Skin Deep"",""Special Beat"",""The Ethiopians"",""The Hot Knives"",""The Riffs"",""The Selecter"",""The Skatalites"",""The Upsetters"",""Toots & The Maytals""]"
34.03,Roots Reggae,34.03: Caribbean & Afrobeats -> Roots Reggae,1968,"The optimism for new and better governance was quickly waning, when Jamaican citizens realized they were not better off with independence than with colonization. During its infancy as a state, Jamaica failed to address the needs of the poor, especially in urban <b>ghettos</b>. These places became the breeding ground for a new, <b>slower</b> type of Rocksteady: “Reggae”. Embedded in the s<b>unny, warm Caribbean climate</b> of Jamaica and influenced by the abundant availability of <b>marihuana</b>, Reggae doesn’t sound as much <b>reactionary</b> as it is. But to this very day it has never ceased to question authority. Reggae exploded in <b>1972</b>, thanks to both the <b>10 year anniversary</b> of the country (and thus a decade of failed politics) and the film release of “<b>The Harder They Come</b>”, which made Reggae popular overseas.<br><br>The <b>bass guitar</b> became Reggae’s leading instrument, which dropped the first beat of a bar, creating the so called “<b>one drop rhythm</b>” which gives Reggae its characteristic offbeat sound. The rhythm <b>staccato guitar</b> moved to the background, but other <b>Ska characteristics</b> were still clearly audible. This Early Reggae eventually got claimed as the subcultural music of the <b>spiritual Rastafari movement</b>. Rastafari is a special Jamaican faith dating back as early as the thirties, which deals about many issues that are also attributed to Reggae: religion, racism, ghetto-life, cannabis use, <b>African roots</b> and more. The term “<b>Roots Reggae</b>” is either reserved for Reggae strongly expressing Rastafari beliefs and issues, or to distinguish the genre from other Jamaican music.
","[""Askia Modibo"",""Bedouin Soundclash"",""Biekbala Mujik"",""Black Uhuru"",""Bob Marley & The Wailers"",""Bob Marley & the Wailers"",""Buju Banton"",""Bunny Wailer"",""Burning Spear"",""BélO"",""Chronixx"",""Clint Eastwood & General Saint"",""Damian Marley"",""Dennis Brown"",""Don Carlos"",""Dread Zeppelin"",""Eek-A-Mouse"",""Elan Atias"",""Eric Donaldson"",""Gregory Isaacs"",""Half Pint"",""House of Rhythm"",""Israel Vibration"",""Johnny Nash"",""Junior Murvin"",""Kabaka Pyramid"",""Lucky Dube"",""Majek Fashek"",""Matisyahu"",""Max Romeo"",""Peter Tosh"",""Prince Far I"",""Protoje"",""Protoje, Chronixx"",""Protoje, Mortimer"",""Rasha"",""Rebelution"",""Rocky Dawuni"",""Sylford Walker"",""Third World"",""UB40"",""Wayne Wade"",""Ziggy Marley""]"
34.04,Dub,34.04: Caribbean & Afrobeats -> Dub,1970,"The early Reggae composers probably never thought that Dub was going to be such an important and <b>influential</b> genre. Dub started out as <b>instrumental B-sides</b> or <b>copy records</b> of Reggae or Rocksteady records. Hence the word “dub” was derived from the name of a copy record: a <b>dubplate</b> (double plate). The original music is completely <b>stripped down</b> of all instruments and then <b>rebuilt</b> in the same way but entirely <b>electronically</b> and much, much <b>slower</b>. Dub features lots of <b>sound effects</b>, especially <b>echo and reverb</b>, and incredibly <b>heavy subsonic bass</b> designed to be played on typical Jamaican<b> sound systems</b> (which have massive bass woofers and air scoops to support Dub music). One of the main characteristics of Dub manipulation is <b>delay</b>, which is used on many different parts of the song and often in an extensive, panoramic manner. This gives Dub its typical “wah-wah” feeling where sounds seem to bounce back from the walls and never die. All these sound effects synergize well with cannabis, which strongly influenced Dub music (and continues to do so).<br><br>Because of its <b>pioneering technology</b> yet <b>dreamy and surreal sound</b>, Dub was an important inspiration for all kinds of music and remains a living stream in the contemporary world of popular music. In the nineties, Dub gets influenced by EDM instead of the other way around, and becomes the subgenre <b>Digidub</b> (digital Dub).
","[""Augustus Pablo"",""Bunny Lee"",""Dillinger"",""Jah Shaka"",""King Jammy"",""King Tubby"",""Lee “Scratch” Perry"",""Mad Professor "",""Scientist"",""Tommy McCook & the Agrovators"",""Winston Riley""]"
34.05,Reggaetón & Latin Rap,34.05: Caribbean & Afrobeats -> Reggaetón & Latin Rap,null,"Latin Rap, a mixture of <b>Gangsta</b> Rap and Latin music, proved to be a successful cocktail. The mix of exotic breakbeat rhythms (filled with <b>brass, congas or Latin instruments</b>) and <b>Spanish</b> rap lyrics created an almost unrivaled tropical atmosphere and attitude of ‘coolness’. Latin Rap was far from slow and laidback but rather <b>spicy and furious</b>, meant to be played at max volume while cruising through the favelas and Hispanic ghettos. Instead of adding Latin elements to Rap music (what happened in the US), artists in <b>Puerto Rico</b> added American Gangsta Rap to their native music (mainly <b>heavy Bomba and a bit of Plena</b>) creating a whole new genre: Reggaetón (which has nothing to do with Reggae, but did get influenced by Dancehall). The result was similar to Latin Rap, but the rhythm was entirely based on Bomba with no R&B samples whatsoever, and the lyrics were even more <b>explicit</b> than Latin Rap. Reggaeton is based on the Ragga <b>Dembow riddim</b>, which uses the snare of a drum machine. The genre eventually made a surprising transfer to the world of Electro House, leading to Moombahton.
","[""Beenie Man"",""Calle 13"",""Chaka Demus & Pliers"",""Chingo Bling"",""Cypress Hill"",""Daddy Yankee"",""Don Omar"",""El Alfa, Busta Rhymes & Anitta ft. Wisin, CJ, El Cherry Scom"",""Fredy Omar Con Su Banda"",""Juan Gotti"",""Kid Frost"",""Kreyol Syndikat"",""MC Digu ft. MC Pipokinha"",""Magazeen"",""Mr. Vegas"",""Munga"",""Peter Metro / Yellow Man"",""ROSALÍA"",""Raquel Sofia"",""Rosalía"",""Shabba Ranks Feat. Chevelle Franklin"",""Shaggy"",""Spice"",""Super Cat"",""Tégo Calderon"",""Wisin"",""Yandel"",""Yellowman"",""Zeca Baleiro""]"
34.06,Afrobeats,34.06: Caribbean & Afrobeats -> Afrobeats,null,"Afrobeats (often referred to as West African Pop or Afro-pop) is a vibrant, rhythm-driven global genre that originated in West Africa—primarily Nigeria and Ghana—in the late 2000s and 2010s.

Genre Breakdown
Note on naming: Afrobeats (with an ""s"") is distinct from Afrobeat (no ""s""), the 1970s political funk-jazz fusion pioneered by Fela Kuti. While modern Afrobeats draws inspiration from Afrobeat, it is a contemporary umbrella term for modern West African pop.

Key Musical Characteristics
Complex Percussion: Driven by syncopated drum patterns, log drums, congas, and modern electronic 808s that invite immediate movement.
Melodic Hooks & Vocals: Features laid-back, smooth vocal arrangements, catchy call-and-response chorale hooks, and dynamic cadences.
Linguistic Fusion: Lyrics frequently blend English, Nigerian Pidgin, Yoruba, Igbo, French, or Akan (Twi).
Cross-Genre Hybrids: Integrates elements of dancehall, Caribbean soca, American R&B, hip-hop, and South African Amapiano.
","[""A-Star"",""Afro B ft. Wizkid"",""Asake"",""Ayra Starr"",""Burna Boy"",""Davido"",""Don Jazzy, Tiwa Savage, Dr SID, D’Prince & The Mavins"",""Fireboy DML"",""Major Lazer Ft. Burna Boy"",""Rema"",""Sarkodie ft Fuse ODG"",""Tems"",""Tiwa Savage"",""Wizkid"",""Worlasi"",""Zlatan""]"
34.07,Rocksteady,34.07: Caribbean & Afrobeats -> Rocksteady,null,"Right after the British Mersey Beat Revolution a small youth subculture, the mods, existed, that listened to their own type of mod Rock & Roll. Almost exactly the same happened in Jamaica after the Ska revolution: <b>young gangsters</b> and street kids (known as “<b>rude boys</b>”) changed the happy, uptempo Ska in something they could relate to: much <b>cooler, slower</b> music (influenced by Soul) with an <b>easy but powerful bass</b> and more Rock influences such as <b>electric guitars</b> (though sparse). This rude boy music became known as Rocksteady. And just as Punk, Rap or Mod, the lyrics were more often than not about<b> political issues</b>, although the music sounded nowhere near as rough, but was often performed in R&B-like <b>small harmony groups</b>. The reason for implementing political content and a <b>slower, laidback and more serious tempo </b>was a <b>slowly growing discontent</b> with the very first Jamaican government installed after the independence in 1962. Another reason for the slowing down of Jamaican music lay in the simple fact that many musicians just didn’t like to play Ska’s hyperactive rhythm. Particularly of notice for Rocksteady, is the famous Jamaican <b>Tuff Gong Records</b> label. Right before the rise of Reggae, Rocksteady led to a specific subgenre known as “<b>Poppa-Top</b>”, which had a looser and bubblier rhythm.
","[""Alton Ellis"",""Delroy Wilson"",""Hopeton Lewis"",""Ken Boothe "",""Phillis Dillon"",""Rita Marley"",""Slim Smith & the Uniques"",""Stranger Cole"",""The Heptones"",""The Melodians "",""The Paragons""]"
34.09,Calypso & Soca,34.09: Caribbean & Afrobeats -> Calypso & Soca,1912,"Originating in Trinidad and Tobago, Calypso evolved from African griot traditions and slave emancipation songs, characterized by witty social commentary and syncopated brass rhythms. In the 1970s, Lord Shorty fused Calypso with Indian rhythmic instruments (dholak, tabla) and American Soul/Funk to create ""Soca"" (Soul of Calypso)—a high-bpm, party-centric genre designed for Carnival.
","[""Bunji Garlin"",""Byron Lee / Dragonaires"",""Calypso Rose"",""Destra Garcia"",""Kes"",""Lord Kitchener"",""Lord Shorty"",""Machel Montano"",""Mighty Sparrow""]"
34.10,Zouk & Bouyon,34.10: Caribbean & Afrobeats -> Zouk & Bouyon,1979,"Pioneered by the French Antillean band Kassav' in Guadeloupe and Martinique, Zouk revolutionized Caribbean pop by blending local Gwo Ka percussion with studio synthesizers, lush horn lines, and complex funk basslines. In Dominica, Zouk fused with local Kadans and Jing Ping traditions to yield high-energy Bouyon, which later influenced modern Afrobeats and Soca.
","[""Francky Vincent"",""Jocelyne Béroard"",""Kassav'"",""Triple Kay"",""WCK (Windward Caribbean Kulture)""]"
34.11,Traditional Cuban (Son & Rumba),34.11: Caribbean & Afrobeats -> Traditional Cuban (Son & Rumba),1890,"Cuban music serves as the primary bridge between West African clave rhythms and Western harmony. Afro-Cuban Rumba provided street-level percussion and vocal call-and-response, while Son Cubano merged Spanish classical guitar with African drums (bongo, marimbula). Son became the direct foundational blueprint for mid-20th century Salsa.
","[""Arsenio Rodríguez"",""Buena Vista Social Club"",""Compay Segundo"",""Célia Cruz"",""Irakere"",""Los Muñequitos de Matanzas"",""Meridian Brothers"",""Orquesta Akokán""]"
40,Rap & Hip-Hop,40: Rap & Hip-Hop,null,"Hip-Hop culture—encompassing MCing, DJing, breakdancing, and graffiti—originated in the South Bronx of New York City during the early 1970s. Emerging from neighborhood block parties powered by massive sound systems, the genre was built on the innovation of isolating and looping instrumental breakbeats from Funk, Disco, and Soul records. Over the decades, Hip-Hop evolved from a localized urban subculture into the dominant global force in popular music, redefining vocal delivery, music production, and street culture worldwide.<br><br>Musically, Rap is defined by rhythmic vocal delivery (rhyming and flow) laid over structured beats. The genre's evolution traces a continuous push-and-pull between party-oriented entertainment, fierce regional rivalries, raw social critique, and high-level studio production. From the sample-heavy boom-bap of the East Coast and the synthy, laid-back grooves of the West Coast to the sub-bass heavy strains of Southern Trap and UK Drill, Hip-Hop remains a versatile, constantly mutating movement.
",null
40.01,Old School & Golden Age,40.01: Rap & Hip-Hop -> Old School & Golden Age,1974,"The foundational era of Rap emerged from <b>South Bronx block parties</b> where early pioneers like DJ Kool Herc, Grandmaster Flash, and Afrika Bambaataa isolated <b>funk and disco breakbeats</b> using turntables and drum computers. Initially characterized by playful, party-rocking rhymes and <b>spontaneous MCing</b> over live-mixed instrumental loops, the music expanded dramatically in the mid-1980s. The <b>Golden Age</b> brought unprecedented technical refinement: MCs shifted to <b>eloquent flows</b>, complex internal rhyme schemes, and socio-political themes, while producers embraced <b>harder drum machines (TR-808)</b> and aggressive rock samples (championed by Run-D.M.C. and Def Jam), bringing Hip-Hop into mainstream global consciousness.
","[""Beastie Boys"",""Biz Markie"",""Boogie Down Productions"",""Doug Lazy"",""EPMD"",""Eric B. & Rakim"",""Fat Boys & Chubby Checker"",""Grandmaster Flash & the Furious Five"",""KMD "",""Kurtis Blow"",""LL Cool J"",""Nice & Smooth"",""Public Enemy"",""Rob Base"",""Run-D.M.C."",""Run-DMC"",""Salt-N-Pepa"",""Slick Rick"",""Sugar Hill Gang"",""The Sugarhill Gang"",""Tone Loc"",""Young MC""]"
40.02,East Coast & Hardcore,40.02: Rap & Hip-Hop -> East Coast & Hardcore,1986,"As Hip-Hop matured in its birthplace, East Coast rap developed a distinct, atmospheric identity centered around <b>grit, lyricism, and boom-bap drum patterns</b>. Pioneered in New York, the sound relies heavily on <b>jazz, soul, and dark piano samples</b> layered over crisp, swinging snares. Lyrically, East Coast MCs elevated the art of storytelling, detailing urban survival, complex street narratives, and <b>mafioso-inspired ambition</b>. Hardcore Rap emerged as an aggressive counterweight to radio pop, showcasing raw, unfiltered vocal delivery, dense wordplay, and intense posse cuts.
","[""50 Cent"",""Big L"",""Big Pun"",""Big Sean"",""Blimes and Gab"",""Bodega Bamz"",""Busta Rhymes"",""Cam'ron"",""Clipse ft Tyler, the Creator"",""DMX"",""DMX, Ja Rule, Method Man & Nas"",""Eminem"",""Eminem/Fifty Cent"",""Eminem/Fifty Cent/Lloyd Banks"",""Fifty Cent"",""Fifty Cent/Nate Dogg"",""Fifty Cent/Tony Yayo"",""Fifty Cent/Young Buck"",""French Montana"",""House of Pain"",""Jay-Z"",""Jay-Z & Kanye West"",""Jay-Z & Linkin Park"",""Joey Bada$$"",""Kanye West"",""Method Man"",""Mobb Deep"",""Mobb Deep Ft. Havoc & Prodigy From H.N.I.C. Part 2 Sessions"",""Nas"",""Nate Husser"",""Notorious B.I.G."",""Pusha T"",""Roc Marciano"",""Seryoga"",""The Notorious B.I.G."",""Wu-Tang Clan"",""Young M.A.""]"
40.03,West Coast & G-Funk,40.03: Rap & Hip-Hop -> West Coast & G-Funk,1987,"Originating in Los Angeles and Compton, West Coast Rap introduced a stark, vivid portrayal of <b>ghetto realities, gang culture, and police tension</b>. After early Gangsta Rap pioneers set the tone with aggressive commentary, the sound revolutionized in the early 1990s through <b>G-Funk (Gangsta Funk)</b>. Masterminded by Dr. Dre and Death Row Records, G-Funk paired heavy <b>P-Funk samples</b> with high-pitched, whining <b>synth leads, deep Moog basslines</b>, and relaxed, melodic vocal deliveries. The result was a distinct sonic paradox: violent, explicit street tales delivered over warm, laid-back, sun-drenched grooves designed for car stereos.
","[""2Pac"",""Cypress Hill"",""DJ Quik"",""Dr. Dre"",""E-40"",""Eazy-E"",""Ice Cube"",""N.W.A."",""ScHoolboy Q"",""Schoolboy Q"",""ShooterGang Kony"",""Snoop Dogg"",""Snoop Dogg & Pharrell Williams"",""Snoop Doggy Dogg"",""Snow tha Product"",""Tha Dogg Pound"",""Vince Staples"",""Warren G""]"
40.04,"Southern Rap, Crunk & Bounce","40.04: Rap & Hip-Hop -> Southern Rap, Crunk & Bounce",1986,"Initially overlooked by the East/West coastal dominance, the American South forged a rich, highly diverse ecosystem of regional scenes spanning <b>Atlanta, Houston, Memphis, Miami, and New Orleans</b>. Southern Rap is united by a heavy emphasis on <b>booming sub-bass</b>, slower tempos, and an uninhibited club orientation. Key regional innovations include <b>Miami Bass</b> (fast, electro-heavy booty music), <b>New Orleans Bounce</b> (hyper-sexual, rapid-fire call-and-response over syncopated drum breaks), and <b>Crunk</b> (aggressive, synth-driven party anthems filled with shouted crowd vocals). The South's eclectic output laid the essential foundation for 21st-century rap dominance.
","[""2 Live Crew"",""8Ball & MJG"",""Big Boi"",""Big Freedia"",""Brianna Perry"",""Dee Goodz"",""Flagboy Giz"",""Geto Boys"",""Goodie Mob"",""Juvenile"",""Lil Jon & The East Side Boyz"",""Lil Wayne"",""Ludacris"",""Mark Ronson feat. Mystikal"",""Mystikal"",""Nappy Roots"",""Outkast"",""Sir Mix-a-Lot"",""Tag Team"",""Tela"",""Three 6 Mafia"",""UGK"",""Ying Yang Twins""]"
40.05,Conscious & Jazz Rap,40.05: Rap & Hip-Hop -> Conscious & Jazz Rap,1989,"Formed as an artistic counterweight to the profanity and aggression of early Gangsta Rap, Conscious and Jazz Rap prioritized <b>social awareness, afrocentric pride, philosophy, and musical experimentation</b>. Helmed by collectives like the <b>Native Tongues</b>, producers combined warm <b>double-basslines, soft horn charts, and vintage jazz/soul samples</b> with an easygoing, bohemian aesthetic. Lyrically, artists focused on systemic critique, personal reflection, spiritual growth, and abstract wordplay, earning a reputation as Hip-Hop's intellectual and alternative branch.
","[""A Tribe Called Quest"",""Abstract Mindstate"",""Anderson .Paak"",""B.J. The Chicago Kid"",""Bas"",""Blue Belt"",""Blueprint"",""Chance The Rapper"",""Chance the Rapper"",""Common"",""Daniel Romano"",""De La Soul"",""DeJ Loaf, Leon Bridges"",""Dead Prez"",""Digable Planets"",""Dominik Omega"",""Flobots"",""G. Love & Special Sauce"",""Gang Starr"",""Guru"",""Guru "",""Homeboy Sandman"",""J Cole"",""J. Cole feat. Kendrick Lamar"",""JID"",""Joey Purp"",""Kendrick Lamar"",""Kendrick Lamar & Kodak Black"",""Kendrick Lamar & SZA"",""Kendrick Lamar & Tanna Leone"",""Kendrick Lamar & Taylour Paige"",""Kendrick Lamar, Baby Keem & Sam Dew"",""Kendrick Lamar, Blxst & Amanda Reifer"",""Kendrick Lamar, Summer Walker & Ghostface Killah"",""Mab Lab"",""Mac Miller"",""Mos Def"",""Noname"",""Pharcyde"",""Rapsody ft D'Angelo & GZA"",""Rejjie Snow"",""Saba"",""Sampa the Great ft. Ecca Vandal"",""Shirlette Ammons"",""Talib Kweli"",""Tank and the Bangas"",""The Fugees"",""The Roots"",""US3"",""Us3"",""Wale"",""Wax"",""Wyclef Jean""]"
40.06,"Modern, Trap & Drill","40.06: Rap & Hip-Hop -> Modern, Trap & Drill",2003,"Emerging from Atlanta's underground drug trade locations (""trap houses""), <b>Trap</b> transformed rap into a fully digitized, synthesizer-driven genre. Defined by <b>rapid, rolling 808 hi-hats, heavy sub-bass kick drums, dark synth pads</b>, and frequent use of melodic <b>Auto-Tune</b>, Trap quickly became the default blueprint for modern global pop and hip-hop. The sound further mutated into <b>Drill</b> (originating in Chicago and refined in London and New York), characterized by even darker, nihilistic lyrical themes, sliding 808 basslines, and skittering, offbeat snare placements.
","[""A$AP Rocky"",""ASAP Ferg"",""Baby Keem"",""Babyface Ray & Samuel Shabazz"",""Bandmanrill"",""Bb Trickz"",""C.J."",""Cardi B"",""Cash Cobain & Tata"",""Chief Keef"",""DeJ Loaf"",""Dj Carnage"",""EUNG FREESTYLE (응프리스타일)"",""Future"",""Future & Juice WRLD"",""Gucci Mane"",""Juice WRLD"",""Kap G"",""Kwesta"",""Kwesta feat. Cassper Nyovest"",""Lil Baby"",""Lil Pump"",""Lil Tecca & Juice WRLD"",""Lil Yachty"",""Migos ft Drake, Meek Mill, Tyga"",""Pop Smoke"",""Pop Smoke ft Nicki Minaj "",""Rick Ross"",""Sha EK"",""Sleepy Hallow"",""Spinabenz ft. Whoppa Wit Da Choppa, Yungeen Ace & FastMoney Goon"",""T.I."",""Travis Scott"",""Waka Flocka Flame"",""Young Thug"",""Young Thug & Travis Scott"",""iLoveMakonnen""]"
40.07,Pop Rap & R&B Crossovers,40.07: Rap & Hip-Hop -> Pop Rap & R&B Crossovers,1990,"Pop Rap bridges the rhythmic drive and vocal delivery of Hip-Hop with the structure, polished production, and <b>sing-along choruses</b> of mainstream pop and contemporary R&B. Pioneered by early crossover acts and later refined by hitmaking producers in the 2000s, this style trades raw street themes for <b>melodic hooks, upbeat party vibes, dancefloor breakbeats</b>, and radio-friendly arrangements. It remains one of the most commercially lucrative sub-genres in modern entertainment.
","[""6LACK"",""Azealia Banks"",""Black Eyed Peas"",""Blanco Brown"",""Bloodhound Gang"",""Bo Burnham"",""Chlöe"",""Dawn Richard"",""Doja Cat"",""Drake"",""Ebhoni"",""Estelle"",""Fetty Wap"",""Flo Rida"",""Gnarls Barkley"",""Jason Derulo"",""Jeremih"",""Khalid"",""Lil Mama"",""Lil Nas X"",""Lizzo"",""MC Hammer"",""Macklemore & Ryan Lewis"",""Marky Mark & The Funky Bunch"",""Megaupload ft Snoop Dogg, Kanye West, P Diddy, Will.I.Am, Alicia Keys, Jamie Foxx, Lil John, Chris Brown, Kim Kardashian"",""Missy Elliott"",""N.E.R.D & Rihanna"",""Nelly"",""Nicki Minaj"",""Pitbull"",""Post Malone"",""Powfu"",""Rose Hart"",""SZA"",""Sean Kingston"",""Shaboozey"",""Shelley FKA DRAM"",""Snoh Aalegra"",""Technotronic"",""Timbaland"",""Tinashe"",""Ty Dolla $ign"",""Ty Dollar $ign"",""Vanilla Ice"",""Will Smith""]"
40.08,UK Rap & Grime,40.08: Rap & Hip-Hop -> UK Rap & Grime,2001,"Developed in East London, <b>Grime</b> and UK Rap represent the British adaptation of Hip-Hop, heavily infused with native UK sound-system culture including <b>2-Step Garage, Jungle, and Dancehall</b>. Operating at a fast-paced <b>140 BPM</b>, Grime features rapid, aggressive syncopated cadences over dark, lo-fi, <b>futuristic electronic beats</b> and heavy sawtooth basslines. Beyond Grime, the UK scene has fostered a massive ecosystem of road rap and UK Drill, making London one of the world's primary rap capitals.
","[""A1 x J1"",""AJ Tracey"",""Bugsy Malone"",""Dave"",""Denise Chaila"",""Dizzee Rascal"",""Giggs"",""Jim Legxacy"",""Jme"",""Jnr Choi"",""Joshua Idehen"",""Kano"",""Lady Leshurr"",""Little Simz"",""Pa Salieu ft Mahalia"",""Skepta"",""Skiifall ft. Knucks"",""Stormzy"",""The Streets"",""Tion Wayne"",""Wiley""]"
40.09,Trip-Hop & Abstract Hip-Hop,40.09: Rap & Hip-Hop -> Trip-Hop & Abstract Hip-Hop,1992,"Emerging simultaneously in Bristol, UK, and experimental US underground pockets, this sub-genre decelerates Hip-Hop breakbeats into <b>downtempo, atmospheric, and melancholic soundscapes</b>. Blending Hip-Hop production techniques with <b>dub, psychedelia, jazz, and ambient electronics</b>, Trip-Hop and Abstract Rap focus on mood, texture, and non-traditional song structures, often featuring cinematic orchestration, surreal samples, and dense, stream-of-consciousness poetry.
","[""A Tribe Called Red ft Tanya Tagaq"",""Atlantic Connection"",""BADBADNOTGOOD & MF DOOM"",""Cannibal Ox"",""Company Flow"",""DANGERDOOM, MF DOOM & Danger Mouse"",""DJ Shadow"",""Danny Brown"",""Earl Sweatshirt"",""Earl Sweatshirt & SURF GANG"",""Earl Sweatshirt, SURF GANG & Lerado Khalil"",""El-P"",""Freddie Gibbs & Madlib"",""HiTech ft. GDMRW"",""Hobo Johnson"",""JJ DOOM"",""Jai Paul"",""Jonnie Common"",""KIDS SEE GHOSTS"",""Kaytranada"",""Killer Mike"",""Killer Mike & André 3000"",""Killer Mike & Anthony Hamilton"",""Killer Mike & Belly Gang Kushington"",""Killer Mike & Blxst"",""Killer Mike & CeeLo Green"",""Killer Mike & EL-P"",""Killer Mike & Eryn Allen Kane"",""Killer Mike & Fabo"",""Killer Mike & Jagged Edge"",""Killer Mike & Mozzy"",""Killer Mike & TROY DURDEN"",""Killer Mike & Ty Dolla $ign"",""Killer Mike, Curren$y, 2 Chainz & Kaash Paige"",""Killer Mike, Key Glock & Project Pat"",""Killer Mike, Offset & Blxst"",""Kilo Kish"",""King Geedorah"",""King Krule"",""Kool A.D."",""Leo Bhanji"",""M.I.A."",""MF DOOM"",""MIKE & SURF GANG"",""MIKE, Earl Sweatshirt & SURF GANG"",""MIKE, Na-Kel Smith & SURF GANG"",""MIKE, SURF GANG & Anysia Kym"",""MIKE, SURF GANG & Earl Sweatshirt"",""MIKE, SURF GANG & Jadasea"",""MIKE, SURF GANG & Niontay"",""Madlib"",""Madvillain"",""Massive Attack"",""Mura Masa"",""Nnamdi Ogbonnaya"",""Overmono"",""Portishead"",""R.A.P. Ferreira & Fumitake Tamura"",""Run The Jewels"",""Run the Jewels"",""Santi (Monster Boys)"",""Self"",""Shabazz Palaces"",""Soul Coughing"",""The Wiseguys"",""Tierra Whack"",""Tricky"",""Tyler, The Creator"",""Viktor Vaughn"",""Yaeji"",""Young Fathers"",""billy woods"",""clipping.""]"
50,Electronic/Club,50: Electronic/Club,null,null,null
50.01,Techno,50.01: Electronic/Club -> Techno,null,"Where House looks back toward disco and soul, Techno looks forward toward industrialism, science fiction, and pure synth experimentation. It uses a prominent four-on-the-floor kick, but the percussion is typically punchier, harder, and metallic. Techno is less about melody or song structures and more about texture, repetition, and micro-changes over time to lock listeners into a trance-like state on the dance floor.  Key sound indicators: Metallic percussion, dark sub-bass, synthetic noise, mechanical stabs, and minimal or non-existent vocal melodies.
","[""Andy Stott"",""Carl Cox"",""Dragg"",""Factory Floor"",""Jeff Mills"",""The Belleville Three (Juan Atkins, Derrick May, Kevin Saunderson""]"
50.02,Trance,50.02: Electronic/Club -> Trance,null,"Trance takes the hypnotic rhythm of techno and injects it with grand, emotional melodies. A classic Trance track is built around a journey: long tension-building sections leading up to a dramatic breakdown (where the kick drum drops out completely and soaring synth leads sweep in), followed by a massive, high-energy drop.  Key sound indicators: Arpeggiated synth leads, sweeping filter pads, dramatic build-ups and drops, and major-key emotional melodies.
","[""Above & Beyond"",""Armin van Buuren"",""Didgeridoo Trance Dance"",""Paul van Dyk""]"
50.03,Downtempo,50.03: Electronic/Club -> Downtempo,null,"Unlike the other three, Downtempo isn't designed for high-energy peak-hour dance floors. It was born in club ""chillout rooms"" where dancers went to cool off. Rhythmically, it rarely uses a rigid four-on-the-floor pattern—instead opting for slower breakbeats, hip-hop-style drums, or syncopated percussion. It borrows heavily from ambient, dub, jazz, and trip-hop.  Key sound indicators: Slow tempos, deep ambient atmospheres, relaxed beat patterns, warm acoustic or electronic textures, and a head-nodding feel.
","[""7038634357"",""Afterlife (Arithunda Mix)"",""Alexander Borodin"",""Baba Do"",""Barreau, Claude & His"",""Bebel Gilberto (Guy Sigsworth Remixed)"",""Bonobo"",""Boozoo Bajou"",""Burial"",""Bust ( The N.O.W Remix)"",""Colourfields"",""DARKSIDE"",""Drowzy"",""Dubious 101"",""Eventide & Robina"",""Eygptain Nursery"",""Fatboy Slim"",""Francessce M"",""Ga'inja"",""Global Communication"",""Hippie Sabotage"",""James Blake"",""Maribou State"",""Massive Attack"",""Metisse"",""Michael Hunter"",""Moby"",""Mochipet"",""Naked"",""Original Evergreen"",""Portishead"",""Rue Du Soleil"",""Sinjin Hawke & Zora Jones"",""Solar Moon, Feat Joy Malcon"",""Tara Clerkin Trio"",""The Avalanches"",""The Me"",""Thievery Corporation"",""Tladi, Herman"",""Unofficial Language"",""Yppah"",""Zero 7""]"
50.04,House,50.04: Electronic/Club -> House,null,"House music evolved from disco and funk. It relies on a steady ""four-on-the-floor"" beat (a kick drum on every beat) paired with an off-beat hi-hat (unss-unss-unss-unss). House is defined by its soul—it frequently features funky basslines, piano chords, gospel-inspired vocal hooks, and a strong emphasis on the ""groove"" or swing.  Key sound indicators: Warm basslines, disco samples, piano stabs, soulful vocals, and a rhythm designed to keep people moving continuously.
","[""A.A.L (Against All Logic)"",""Against All Logic"",""Bailey, Bonnie & Payten"",""Billy / Light Year"",""Caribou"",""Channel Tres"",""Daft Punk"",""Dj Stokie"",""Duck Sauce"",""Faithless Feat. Dido"",""Floating Points"",""Frankie Knuckles"",""Fred again.."",""Friction"",""Haddaway"",""KH"",""Larry Heard (Mr. Fingers)"",""Madonna"",""Madonna & Feid"",""Madonna & Lola Leon"",""Madonna & Martin Garrix"",""Madonna & Sabrina Carpenter"",""Percussions"",""Prince Kaybee"",""Sinjin Hawke"",""Sun-EL Musician"",""The Limiñanas / Laurent Garnier"",""Two Shell""]"
60,Folk Traditions,60: Folk Traditions,null,"Traditional and regional folk music styles anchored in local heritage, community oral history, and indigenous or immigrant roots[cite: 1]. These styles rely heavily on acoustic, highly portable instrumentation—such as fiddles, accordions, pipes, and frame drums—designed for community gatherings, barn dances, pub sessions, and storytelling[cite: 1]. Unlike commercial pop genres, Folk Traditions prioritize cultural preservation, distinct regional dialects or modal tunings, and dance rhythms handed down through generations[cite: 1].
","[""Aurelio"",""Bassekou Kouyate & Ngoni ba""]"
60.01,Celtic,60.01: Folk Traditions -> Celtic,1600,"Celtic folk encompasses the traditional music of the Celtic nations—most notably Ireland, Scotland, Wales, Brittany, and Galicia[cite: 1]. Built on lively dance meters (jigs, reels, hornpipes) and haunting slow airs, it utilizes modal scales and traditional instruments like the uilleann pipes, tin whistle, fiddle, bodhrán frame drum, and Celtic harp[cite: 1]. The genre experienced a massive global resurgence in the 20th century through pub session culture and ensemble revivals, eventually expanding into contemporary Celtic rock and fusion[cite: 1].
","[""Alexander Brothers"",""Altan"",""Andy Stewart"",""Capercaillie"",""Clannad"",""Gaelic Storm"",""Jimmy Logan"",""Jimmy Shand"",""Kenneth McKellar"",""Lunasa"",""Moira Anderson"",""Planxty"",""Poor Creature"",""Robert Wilson"",""Seamus Egan"",""Silas & The Blacksmiths"",""The Bothy Band"",""The Chieftains"",""The Clancy Brothers"",""The Corries"",""The Dubliners"",""The Irish Rovers"",""The Royal Scots Dragoon Guards"",""Will Fyffel"",""World Pipe Band Championships""]"
60.03,Appalachian,60.03: Folk Traditions -> Appalachian,1800,"Developed in the isolation of the Appalachian Mountains, this tradition formed as European immigrant balladry (English, Scottish, Irish) collided with African-American rhythmic traditions and instruments[cite: 1]. Driven primarily by clawhammer banjo, acoustic guitar, and rhythmic fiddle play (Old-Time music), Appalachian music focuses on high-lonesome vocal harmonies, sacred harp hymns, and square-dance tunes[cite: 1]. It serves as the direct historical ancestor to Bluegrass, Classic Country, and Modern Americana[cite: 1].
","[""Bascom Lamar Lunsford"",""Clarence Ashley"",""Doc Watson"",""Ola Belle Reed"",""Roscoe Holcomb"",""The Carter Family"",""The Highwoods Stringband"",""Tommy Jarrell"",""artist""]"
60.04,Cajun & Zydeco,60.04: Folk Traditions -> Cajun & Zydeco,1920,"Emerging from the bayous and prairies of Southwest Louisiana, these sibling genres share a foundation in French-language lyrics and dancehall culture[cite: 1]. Cajun music was developed by Acadian (French-Canadian) settlers, leaning on acoustic fiddle, diatonic button accordion, and triangle (""ti-fer"")[cite: 1]. Zydeco grew alongside Cajun music in French-speaking Afro-Creole communities, infusing Louisiana Cajun roots with Blues, R&B, and syncopated washboard (rubboard or ""frottoir"") rhythms to create a fast, driving, highly danceable sound[cite: 1].
","[""BeauSoleil"",""Boozoo Chavis"",""Bruce Daigrepont"",""Buckwheat Zydeco"",""California Cajun Orchestra"",""Clifton Chenier"",""D.L. Menard"",""David Doucet"",""Dewey Balfa"",""Doug Kershaw / Hank Williams, Jr."",""Eddie LeJeune"",""Geno Delafose"",""Iry LeJeune"",""Jimmy C. Neuman"",""Jimmy C. Newman"",""Jo-El Sonnier"",""John Delafose & The Eunice Playboys"",""Le Trio Cadien"",""Li'l Brian & The Zydeco Travelers"",""Lost Bayou Ramblers"",""Michael Doucet"",""Nathan & The Zydeco Cha Chas"",""Nathan Abshire"",""Rockin' Dopsie"",""Rockin' Sidney"",""Savoy-Doucet Cajun Band, The"",""Stanley \""Buckwheat\"" Dural Jr."",""Steve Riley & The Mamou Playboys"",""Wallace \""Cheese\"" Read"",""Zachary Richard"",""Zydeco All-Stars""]"
60.05,Traditional Thai,60.05: Folk Traditions -> Traditional Thai,1238,"Rooted in the court traditions and rural village life of Southeast Asia, traditional Thai music is defined by complex polyphonic stratification, non-tempered tuning, and a lack of harmony in the Western sense. Instead, ensembles build textures through simultaneous variations of a single melody across different instrumental registers. The music is divided into three primary ensemble styles: Piphat (percussion-heavy, featuring xylophone-like ranat and oboe-like pi, historically played for royal ceremonies and shadow puppet theater), Khruang Sai (string-dominated ensembles featuring saw bowed lutes and plucked zithers), and Mahori (a delicate fusion of both, featuring female vocalists). In northeastern Thailand (Isan), regional traditions like Mor Lam and Kantrum rely on the molam singer accompanied by the khaen (a bamboo mouth organ), delivering rapid, syncopated storytelling tunes.
","[""Banyen Rakkaen"",""Ken Dalao"",""Luang Pradit Phairao"",""Phatthaya Choem-phaet"",""Sorasen"",""Thepphabut Satiat"",""Unreadable Thai Artist 1"",""Unreadable Thai Artist 2"",""Various - Thai"",""Waiphot Phetsuphan"",""คาราบาว"",""น้องมายต์""]"
60.06,African Traditional & Choral,60.06: Folk Traditions -> African Traditional & Choral,null,null,"[""Ladysmith Black Mambazo""]"
70,New Age & Ambient,70: New Age & Ambient,null,null,null
70.01,New Age & Ambient -> New Age & Contemporary Instrumental,70.01: New Age & Ambient -> New Age & Ambient -> New Age & Contemporary Instrumental,null,null,"[""Agnes Obel"",""Brad Barr"",""George Winston"",""Kitaro"",""Max de Wardener"",""Vangelis"",""Yanni""]"
70.02,Ambient & Dark Ambient,70.02: New Age & Ambient -> Ambient & Dark Ambient,null,null,"[""Djrum"",""Ian William Craig"",""Joseph Shabason"",""Loraine James ft Theo"",""Loscil"",""Mabe Fratti"",""Shabason, Krgovich & Harris"",""Stars of the Lid""]"
70.03,Celtic New Age & Etherial,70.03: New Age & Ambient -> Celtic New Age & Etherial,null,null,"[""Clannad"",""Dead Can Dance"",""Enya""]"
72,Musical Theater and Soundtracks,72: Musical Theater and Soundtracks,null,null,"[""Adam DeVine"",""Adam Jacobs"",""Adam Jacobs & Courtney Reed"",""Adam Jacobs & The Original Broadway Cast of Aladdin"",""Adam Jacobs, Brian Gonzales, Jonathan Schwartz, Brandon O'Neill & The Original Broadway Cast of Aladdin"",""Adam Jacobs, Jonathan Freeman & Don Darryl Rivera"",""Al Jolson"",""Al Martino"",""Alan Menken"",""Alan Menken & Adam Jacobs"",""Alan Menken, Adam Jacobs & James Monroe Iglehart"",""Andrew Langtree, Lisa Stokke, Nigel Harman & Neal Wright"",""Andy Grammer"",""Anna Kendrick"",""Annie - The New 2012 Broadway Orchestra"",""Annie - The New 2012 Broadway Orchestra & Lilla Crawford"",""Annie: The New 2012 Broadway Ensemble"",""Anthony Ramos, Ariana DeBose, Sasha Hutchings, Ephraim Sykes, Lin-Manuel Miranda & Original Broadway Cast of Hamilton"",""Anthony Ramos, Leslie Odom, Jr., Lin-Manuel Miranda & Phillipa Soo"",""Anthony Ramos, Lin-Manuel Miranda, Jon Rua, Leslie Odom, Jr. & Original Broadway Cast of Hamilton"",""Anthony Ramos, Okieriete Onaodowan, Daveed Diggs, Lin-Manuel Miranda & Leslie Odom, Jr."",""Anthony Warlow"",""Anthony Warlow, Brynn O'Malley, Lilla Crawford & Annie: The New 2012 Broadway Ensemble"",""Anthony Warlow, Brynn O'Malley, Lilla Crawford, Ashley Blanchet & Annie: The New 2012 Broadway Ensemble"",""Austyn Johnson, Cameron Seely & Hugh Jackman"",""Barbra Streisand"",""Beau Hunks"",""Betty Who"",""Brian Gonzales, Jonathan Schwartz, Brandon O'Neill & The Original Broadway Cast of Aladdin"",""Brian Gonzales, Jonathan Schwartz, Brandon O'Neill, James Monroe Iglehart & The Original Broadway Cast of Aladdin"",""Brynn O'Malley & Annie: The New 2012 Broadway Ensemble"",""Carol Lawrence & Larry Kert"",""Carol Lawrence, Carmen Gutierrez, Marilyn Cooper & Elizabeth Taylor"",""Celine Dion"",""Celine Dion / Peabo Bryson"",""Chita Rivera & Carol Lawrence"",""Chita Rivera, Larry Kert, Carol Lawrence, Ken Le Roy, Mickey Calin & West Side Story Ensemble"",""Chita Rivera, Marilyn Cooper & West Side Story Ensemble"",""Christopher Jackson, Daveed Diggs, Lin-Manuel Miranda & Okieriete Onaodowan"",""Christopher Jackson, Lin-Manuel Miranda & Original Broadway Cast of Hamilton"",""Christopher Jackson, Lin-Manuel Miranda, Leslie Odom, Jr. & Original Broadway Cast of Hamilton"",""Cindy Bullens"",""Cindy Bullens / Louis St. Louis"",""Clifton Davis & The Original Broadway Cast of Aladdin"",""Courtney Reed, Tia Altinay, Khori Michelle Petinaud & Marisha Wallace"",""Damato"",""Das Sound Machine"",""Das Sound Machine, Tone Hangers, The Barden Bellas, Green Bay Packers & The Treblemakers"",""Das Sound Machine, Tone Hangers, The Treblemakers & Green Bay Packers"",""Daveed Diggs, Leslie Odom, Jr., Okieriete Onaodowan & Original Broadway Cast of Hamilton"",""Daveed Diggs, Okieriete Onaodowan, Leslie Odom, Jr., Lin-Manuel Miranda & Original Broadway Cast of Hamilton"",""Eddie Roll, Grover Dale, Tony Mordente, David Winters, Hank Brunjes & West Side Story Ensemble"",""Elizabeth Banks & John Michael Higgins"",""Ester Dean"",""Ester Dean & Skylar Astin"",""Frankie Avalon"",""Frankie Valli"",""Garrett Clayton & Grace Phipps"",""Hailee Steinfeld"",""High Highs"",""Hilton McRae"",""Hilton McRae & Siobhan McCarthy"",""Hoobastank"",""Hugh Jackman & The Greatest Showman Ensemble"",""Hugh Jackman & Zac Efron"",""Hugh Jackman, Keala Settle, Daniel Everidge, Zendaya & The Greatest Showman Ensemble"",""Hugh Jackman, Keala Settle, Zac Efron, Zendaya & The Greatest Showman Ensemble"",""Hullabahoos"",""Idina Menzel"",""Iggy Azalea"",""James Monroe Iglehart & Adam Jacobs"",""James Monroe Iglehart & The Original Broadway Cast of Aladdin"",""James Monroe Iglehart, Adam Jacobs & The Original Broadway Cast of Aladdin"",""James Monroe Iglehart, Adam Jacobs, Brian Gonzales, Jonathan Schwartz & Brandon O'Neill"",""Jane Lynch"",""Jane Lynch, Clarke Thorell & J. Elaine Marcos"",""Jasmine Cephas-Jones, Leslie Odom, Jr., Lin-Manuel Miranda, Sydney James Harcourt & Original Broadway Cast of Hamilton"",""Jenny Galloway & Nicolas Colicos"",""Jenny Galloway, Louise Plowright & Siobhan McCarthy"",""Jeremy Davis, Sarah Solie, Amanda Lea LaVergne, Ashley Blanchet & Annie: The New 2012 Broadway Ensemble"",""Jessie J"",""Jessie J, Ariana Grande & Nicki Minaj"",""John Travolta"",""John Travolta / Olivia Newton-John"",""Jonathan Freeman"",""Jonathan Groff"",""Jonathan Groff & Original Broadway Cast of Hamilton"",""Jordan Fisher"",""Jordan Fisher & Chrissie Fit"",""Katie Finneran"",""Katie Finneran, Clarke Thorell & J. Elaine Marcos"",""Keala Settle & The Greatest Showman Ensemble"",""Kelly Rowland"",""Kuana Torres Kahele, Napua Greig & James Ford Murphy"",""Larry Kert"",""Larry Kert & Carol Lawrence"",""Larry Kert, Carol Lawrence & West Side Story Ensemble"",""Larry Kert, Carol Lawrence, Reri Grist & West Side Story Ensemble"",""Leonard Bernstein & New York Philharmonic"",""Leslie Odom, Jr. & Lin-Manuel Miranda"",""Leslie Odom, Jr. & Original Broadway Cast of Hamilton"",""Leslie Odom, Jr., Anthony Ramos, Daveed Diggs, Okieriete Onaodowan, Lin-Manuel Miranda, Phillipa Soo, Christopher Jackson & Original Broadway Cast of Hamilton"",""Leslie Odom, Jr., Daveed Diggs, Christopher Jackson & Original Broadway Cast of Hamilton"",""Leslie Odom, Jr., Lin-Manuel Miranda & Original Broadway Cast of Hamilton"",""Leslie Odom, Jr., Lin-Manuel Miranda, Daveed Diggs, Okieriete Onaodowan & Original Broadway Cast of Hamilton"",""Leslie Odom, Jr., Lin-Manuel Miranda, Phillipa Soo, Christopher Jackson, Original Broadway Cast of Hamilton & Renee Elise Goldsberry"",""Lilla Crawford"",""Lilla Crawford & Annie: The New 2012 Broadway Ensemble"",""Lilla Crawford, Anthony Warlow, Brynn O'Malley & Annie: The New 2012 Broadway Ensemble"",""Lilla Crawford, Anthony Warlow, Merwin Foard & Annie: The New 2012 Broadway Ensemble"",""Lilla Crawford, Brynn O'Malley & Annie: The New 2012 Broadway Ensemble"",""Lin-Manuel Miranda & Original Broadway Cast of Hamilton"",""Lin-Manuel Miranda & Phillipa Soo"",""Lin-Manuel Miranda, Anthony Ramos, Daveed Diggs, Okieriete Onaodowan, Leslie Odom, Jr. & Original Broadway Cast of Hamilton"",""Lin-Manuel Miranda, Anthony Ramos, Okieriete Onaodowan, Daveed Diggs & Original Broadway Cast of Hamilton"",""Lin-Manuel Miranda, Anthony Ramos, Phillipa Soo & Original Broadway Cast of Hamilton"",""Lin-Manuel Miranda, Daveed Diggs, Leslie Odom, Jr. & Okieriete Onaodowan"",""Lin-Manuel Miranda, Leslie Odom, Jr., Anthony Ramos, Christopher Jackson & Original Broadway Cast of Hamilton"",""Lin-Manuel Miranda, Leslie Odom, Jr., Anthony Ramos, Daveed Diggs & Okieriete Onaodowan"",""Lin-Manuel Miranda, Phillipa Soo, Original Broadway Cast of Hamilton & Renee Elise Goldsberry"",""Lisa Stansfield"",""Lisa Stokke"",""Lisa Stokke & Nicolas Colicos"",""Lisa Stokke & Nightmare Chorus"",""Lisa Stokke & Various Artists"",""Lisa Stokke, Eliza Lumley & Melissa Gibson"",""Lisa Stokke, Hilton McRae & Paul Clarkson"",""Lisa Stokke, Hilton McRae, Paul Clarkson & Nicolas Colicos"",""Little Mix"",""Loren Allred"",""Louis St. Louis"",""Louise Plowright & Neal Wright"",""Mandy Moore"",""Marilyn Manson"",""Mark Mothersbaugh"",""Martin ODonnell"",""Martin ODonnell/Nataraj/Nile Rodgers"",""Martin Solveig"",""Matthew Tishler & Amy Powers"",""Michelle Williams"",""Mickey Calin & West Side Story Ensemble"",""Mushroomhead"",""Niclas Molinder, Joacim Persson, Johan Alkenäs & Charlie Mason"",""Nino Rota"",""Original Broadway Cast (42nd Street)"",""Original Broadway Cast (Chicago)"",""Original Broadway Cast (Fiddler on the Roof)"",""Original Broadway Cast (Les Miserables)"",""Original Broadway Cast (Phantom of the Opera)"",""Original Broadway Cast (The Sound of Music)"",""Original Broadway Cast of Hamilton"",""Original Broadway Cast of Hamilton & Renee Elise Goldsberry"",""Original London Cast (Miss Saigon)"",""Original London Cast (My Fair Lady)"",""Original Motion Picture Cast (Chicago)"",""Original Motion Picture Cast (Grease)"",""Original Motion Picture Cast (Moulin Rouge)"",""Original Motion Picture Cast (Sleepless in Seattle)"",""Original Motion Picture Cast (The King and I)"",""Original Motion Picture Cast (The Music Man)"",""Original Motion Picture Cast (The Sound of Music)"",""Orignal Broadway Cast (Oklahoma)"",""Paul Clarkson & Siobhan McCarthy"",""Paul Clarkson, Lisa Stokke, Nicolas Colicos & Hilton McRae"",""Pentatonix"",""Pentatonix, The Filharmonic, The Cantasticos, The Singboks & Penn Masala"",""Phillipa Soo"",""Phillipa Soo & Lin-Manuel Miranda"",""Phillipa Soo & Original Broadway Cast of Hamilton"",""Phillipa Soo, Anthony Ramos, Lin-Manuel Miranda & Renee Elise Goldsberry"",""Phillipa Soo, Jasmine Cephas-Jones, Leslie Odom, Jr., Original Broadway Cast of Hamilton & Renee Elise Goldsberry"",""R5"",""Rachel Portman"",""Rebel Wilson & Adam DeVine"",""Ross Lynch"",""Ross Lynch & Maia Mitchell"",""Ross Lynch, Jason Evigan & Grace Phipps"",""Ross Lynch, Maia Mitchell, Garrett Clayton & Grace Phipps"",""Ross Lynch, Maia Mitchell, Garrett Clayton, Grace Phipps, John DeLuca & Jordan Fisher"",""Ross Lynch, Maia Mitchell, Garrett Clayton, Grace Phipps, John DeLuca, Jordan Fisher & Chrissie Fit"",""Sabrina Carpenter"",""Seal"",""Sean McDermott"",""Sha Na Na"",""Sha-Na-Na"",""Siobhan McCarthy & Hilton McRae"",""Siobhan McCarthy & Lisa Stokke"",""Siobhan McCarthy & Martin Lowe"",""Siobhan McCarthy & The Dynamos"",""Siobhan McCarthy, Louise Plowright, Jenny Galloway & Neal Wright"",""Siobhan McCarthy, Nicolas Colicos, Paul Clarkson & Hilton McRae"",""Snoop Dogg & Anna Kendrick"",""Stalley"",""Stockard Channing"",""Talib Kweli"",""Thayne Jasperson, Lin-Manuel Miranda & Original Broadway Cast of Hamilton"",""The Barden Bellas"",""The Barden Bellas, The Treblemakers & The Bu Harmonics"",""The Brady Bunch"",""The Citizens of Halloween"",""The Footnotes"",""The Original Broadway Cast of Aladdin"",""The Outfit"",""The Sockapellas"",""The Treblemakers"",""Tori Amos"",""Various Artists"",""West Side Story Ensemble"",""Yeasayer"",""Zac Efron & Zendaya"",""Ziv Zaifman, Hugh Jackman & Michelle Williams""]"
80,Classical,80: Classical,null,null,null
80.01,Medieval,80.01: Classical -> Medieval,null,Classical music composed between years 800 and 1300.,"[""Benedictine Monks of Santo Domingo de Silos"",""Montserrat Figueras""]"
80.02,Renaissance,80.02: Classical -> Renaissance,null,Classical music composed between years 1300 and 1600.,"[""Claude Le Jeune"",""John Dowland""]"
80.03,Baroque,80.03: Classical -> Baroque,null,Classical music composed between years 1600 and 1750.,"[""Antonio Vivaldi"",""Benedetto Marcello"",""George Frideric Handel"",""George Frideric Händel"",""George Philipp Telemann"",""Glenn Gould"",""Henry Purcell"",""Hidemi Suzuki, Van Wassenaer Orchestra and Makoto Akatsu"",""Jean-Joseph Mouret"",""Johann Fux"",""Johann Joachim Quantz"",""Johann Pachelbel"",""Johann Sebastian Bach""]"
80.04,Classical (Era),80.04: Classical -> Classical (Era),null,Classical music composed between years 1750 and 1820.,"[""Ludwig van Beethoven"",""Luigi Boccherini"",""Wolfgang Amadeus Mozart""]"
80.05,Romantic,80.05: Classical -> Romantic,null,Classical music composed between years 1820 and 1910.,"[""Amilcare Ponchielli"",""Antonin Dvorak"",""Bedrich Smetana"",""Berlioz Debussy"",""Camille Saint-Saëns"",""Déodat de Séverac"",""Felix Mendelssohn"",""Gabriel Fauré"",""Georges Bizet"",""Georges Cziffra"",""Gustav Mahler"",""Jacques Offenbach"",""Johannes Brahms"",""Joshua Bell"",""Leopold Stokowski"",""Louis Vierne"",""Modest Mussorgsky"",""Pyotr Ilyich Tchaikovsky""]"
80.06,Modern,80.06: Classical -> Modern,null,Classical music composed since 1910.,"[""Aaron Copland"",""Aphex Twin"",""Béla Bartók"",""Die 12 Cellisten Der Berliner Philharmoniker"",""Dmitri Shostakovich"",""Igor Stravinsky"",""Leoš Janáček"",""Martin Ostertag, SWR Symphony Orchestra and Michael Boder"",""Sergei Prokofiev"",""William Bolcom""]"
80.07,Contemporary Classical,80.07: Classical -> Contemporary Classical,null,Boundary-challenging classical music being written close to current day.,"[""Dan Schultz"",""Steve Smith""]"
80.08,Choral,80.08: Classical -> Choral,null,Music featuring choirs.,"[""Collegium Vocale Koln - Wolfgang Fromme"",""Escolania de Nuestra Señora del Buen Retiro"",""Helmut Koch"",""Make a Joyful Noise"",""Motet de Genève & L'Orchestre de la Suisse Romande & Ernest Ansermet"",""Orphei Drängar"",""St. Paul's Cathedral Choir"",""The Vocal Majority""]"
80.09,Classical Guitar,80.09: Classical -> Classical Guitar,null,null,"[""Andrés Segovia"",""Bangkok Guitar Society"",""Frederick Noad"",""Joaquin Rodrigo"",""Julian Bream"",""Kaori Muraji"",""Kathleen Battle & Christopher Parkening"",""Pepe Romero"",""Tanya & Dorise""]"
80.10,Opera,80.10: Classical -> Opera,null,null,"[""Giacomo Puccini"",""Gioacchino Rossini"",""Gioachino Rossini"",""Giuseppe Verdi"",""Luciano Pavarotti"",""Richard Wagner"",""The Three Tenors""]"
80.11,Chamber Music,80.11: Classical -> Chamber Music,null,null,"[""Alfred Sommer & Dieter Goldmann"",""Arto Noras, Slovak Chamber Orchestra and Bohdan Warchal"",""Bengt Ericson and Karin Langebo"",""Berlin Philharmonic Wind Quintet"",""Christoph Henkel and Elisabeth Westenholz"",""David Schittner and Zagreb Soloists"",""Elemér Lavotha and Kerstin Åberg"",""Elemér Lavotha, Kalmar County Chamber Orchestra and Jan-Olav Wedin"",""Frans Helmerson"",""Frans Helmerson and Hans Pålsson"",""Françoise Groben and Alfredo Perl"",""Guido Schiefen"",""Guido Schiefen and Günter Ludwig"",""Jörg Metzger & Dieter Goldmann"",""Kirstin von der Goltz, Ute Zimmermannn, Conrad von der Goltz Chamber Orchestra and Conrad von der Goltz"",""Markus Stocker and Viktor Yampolsky"",""Naoto u. Eriko Yamamoto"",""Robert Cohen and Roberte Mamou"",""Saskia Viersen, Quirine Viersen, Berliner Symphoniker and Eduardo Marturet"",""Stockholm Chamber Duo"",""Torleif Thedéen and Roland Pöntinen"",""Torleif Thedéen, Tapiola Sinfonietta and Jean-Jacques Kantorow"",""Valentin Feygin, Moscow Conservatory Chamber Orchestra and Mikhail Teriyan"",""Victor Yoran"",""Yo-Yo Ma""]"
84,Christmas,84: Christmas,null,null,"[""33Miles"",""ALO"",""ALO (Animal Liberation Orchestra)"",""ARCHIS"",""Abandon Kansas"",""Agnès Chaumié"",""Alice Smith"",""Alison Moyet"",""Alisson"",""Allie Moss"",""Allo Darlin'"",""Alma Cogan"",""Andrea Perry"",""Andreas Vollenweider"",""Ariana Grande"",""Attendant"",""Bahamas"",""Bahia Deluxe"",""Band Aid"",""Barlowgirl"",""Beatrice Siera"",""Bela Fleck & The Flecktones"",""Benny Carter & Hank Jones"",""Berlin Symphony Orchestra"",""Beta Radio"",""Bette Midler"",""Betty Lloyd"",""Big Band RTV Slovenija & Alenka Godec"",""Billy Pressman"",""Bing Crosby"",""Bing Crosby & Andrew Sisters"",""Bing Crosby & The Andrews Sisters"",""Bob & Doug McKenzie"",""Bonn Classical Philharmonic"",""Bootsy Collins"",""Brenda Lee"",""Brooke Waggoner"",""Budapest Strings"",""Capella Gregoriana"",""Carey Bell"",""Carlo Poddighe"",""Carola"",""Casting Crowns"",""Catherine Feeny"",""Celtic Christmas"",""Chance The Rapper & Jeremih"",""Chanticleer"",""Claire Hamilton"",""Colbie Caillat"",""Colin Bailey / Monty Budwig / Vince Guaraldi"",""Cupid!"",""D1 Music"",""Dan Fogelberg"",""Dave Barnes"",""David Ian"",""David Phelps"",""Dennis Day"",""Dick Kent"",""Dinah Shore"",""Dodie Stevens"",""Donna and the Dees"",""Dressy Bessy"",""Ella Fitzgerald & Louis Jordan"",""Elliott Yamin"",""Emmy Verhey, Camerata Antonio Lucio and Alun Francis"",""Francesca Battistelli"",""Future of Forestry"",""G. Love"",""George van Renesse"",""Glee Cast"",""Glow Kit"",""Good Lovelies"",""Halford"",""Hannah Peel And Tunng"",""Hawaii Calls"",""Helms, Bobby & The Kerr, Anita Singers"",""Holler, Wild Rose!"",""Holly Conlan"",""House Of Heroes"",""How To Throw A Christmas Party"",""Inara George"",""India Ramey"",""Indigo Girls"",""Ingrid Michaelson"",""Irish Tenors"",""Isobel Campbell and Mark Lanegan"",""Israfel's Son"",""J.D. McDonald"",""JY Royster"",""Jack Teagarden"",""James Pants"",""Jane Lynch"",""Jars Of Clay"",""Jason Castro"",""Jay Manero & His Disco Band"",""Jaymay"",""Jesca Hoop, Butch Walker, Buddy, Anya Marina, Cary Brothers, Greg Laswell Lenka, Holly Conlan, Ingrid Michaelson, Jim Bianco, Jonah Matranga, Joshua Radin, Laura Jansen, Meiko, Sara Bareilles & Tim Jones"",""Jim Brickman featuring Richie McDonald"",""John Legend"",""John Mellencamp"",""Josh Weller & Paloma Faith"",""José Feliciano"",""Judy Garland"",""Kate Havnevik"",""Kate Rusby"",""Katie LaRaye Waldren"",""King Coleman"",""Kitty Cat & Friends"",""Lady GaGa"",""Lake Street Dive"",""Lauren Daigle"",""Laurens Van Rooyen"",""Leftover Cuties"",""Leigh Nash"",""Lenka"",""Les Brown & His Band Of Renown"",""Lindby"",""Little & Ashley"",""London Philharmonic Orchestra, London Philharmonic Choir and David Parry"",""Lord Douglas Byron"",""Los Lonely Boys"",""Lucy Rose & Rae Morris"",""Lynne Ostergren"",""Madonna"",""Mandy Patinkin, Michael Stipe & Stephen Colbert"",""Mannheim Steamroller"",""Maren Ord"",""Margaret Whiting & Jimmy Wakely"",""Mark Harris"",""Mary White"",""Mason Jennings"",""Matan Ariel"",""Matt Costa"",""Matt Pond PA"",""Meaghan Smith"",""Mediaeval Baebes"",""Mega Mix"",""Meiko"",""MercyMe"",""Michael McDonald"",""Mike Farris"",""Mindy Gledhill"",""Money Mark"",""Monty Python"",""Ms. Tee,Big Freedia"",""MxPx"",""Naomi & Goro"",""Natalie Prass"",""Nataly Dawn"",""National Parks"",""Neil Halstead"",""Neil Sedaka"",""Nicole Atkins"",""Opus Orange"",""Orchestra Manhattan"",""Paula Fuga"",""Peggy Lee"",""Pentatonix"",""Phillips, Craig And Dean"",""Phone Jerks"",""Phyllis Robbins"",""Piney Gir"",""Point Of Grace"",""Priscilla Ahn"",""RJD2"",""Radio City Christmas"",""Reese Shipley"",""Richie McDonald"",""Roger Wagner Chorale"",""Rogue Wave"",""Rose Dawn"",""Rosie Thomas"",""RuPaul"",""SHEL"",""SS-20"",""Sally Fletcher"",""Sammy Davis, Jr."",""Sara Bareilles & Ingrid Michaelson"",""Sara Groves"",""Scott Weiland"",""Shinyribs"",""Sia"",""Sixpence None The Richer"",""Stroudavarious Orchestra"",""Superchunk"",""Symphony Brass of Chicago"",""Ten Wheel Drive"",""Terry Adams"",""The Allisons"",""The Boxmasters"",""The Brian Setzer Orchestra"",""The Bridges"",""The Cambridge Singers & John Rutter"",""The Clancy Brothers"",""The Daybreaks"",""The Diamonds"",""The Dixie Cups"",""The Elizabethan Singers"",""The Enchanters"",""The Free Design"",""The Gems"",""The Highland Harmonic"",""The International Childrens' Choir"",""The Last Bison"",""The Living Sisters"",""The Lonesome Travelers"",""The Mantovani Orchestra"",""The Moonglows"",""The Pointer Sisters"",""The Pretenders"",""The Rescues"",""The Staves"",""The Surfaris"",""The Sweptaways"",""The Three Degrees"",""The Three Suns"",""The Tokens"",""The Yuletide Singers"",""Thriving Ivory"",""Todd Agnew"",""Tommy Roe"",""Tori Amos"",""Tracy Lawrence"",""Trans-Siberian Orchestra"",""Trio West"",""Twinset"",""Twisted Sister"",""U.S. Girls"",""Urbie Green and His All-Stars"",""Vanya Schultz"",""Various Artists"",""Wham!"",""Whitney Houston"",""William Shatner"",""Y La Bamba"",""Zee Avi"",""moe.""]"
90,Other Audio,90: Other Audio,null,Comedy or spoken content,null
90.01,"Audiobooks, sories, or poetry","90.01: Other Audio -> Audiobooks, sories, or poetry",null,null,"[""Douglas Adams""]"
90.02,Language Lessons,90.02: Other Audio -> Language Lessons,null,null,"[""Pimsleur"",""Teach Yourself""]"
90.03,Music Lessons,90.03: Other Audio -> Music Lessons,null,Audio tracks for voice or instrument lessons,"["""",""Alfred Publishing"",""Sproat, Steven""]"
90.04,Children's Songs,90.04: Other Audio -> Comedy,null,Songs made for little kids.,null
90.04,Comedy,90.04: Other Audio -> Comedy,null,null,null
90.04.01,Stand Up,90.04.01: Other Audio -> Comedy -> Stand Up,null,Stand up comedy sets or sketches,"[""Adam Sandler"",""Audible Comedy"",""Cookie Monster"",""David Cross"",""Louis CK""]"
90.04.02,Spoof or Comedic Songs,90.04.02: Other Audio -> Comedy -> Spoof or Comedic Songs,null,null,"[""Adam Sandler"",""Flight Of The Conchords"",""Flight of the Conchords"",""James Johann"",""Mel Gibson"",""Monty Python"",""Rave"",""Sesame Street"",""Tom Lehrer""]"
